<annotation>
  <folder>car</folder>
  <filename>0000</filename>
  <path>C:/Users/lenovo/Desktop/car/0000.jpg</path>
  <source>
    <database>Unknown</database>
  </source>
  <size>
    <width>320</width>
    <height>256</height>
    <depth>3</depth>
  </size>
  <segmented>0</segmented>
  <object>
    <name>car</name>
    <pose>Unspecified</pose>
    <truncated>0</truncated>
    <difficult>0</difficult>
    <bndbox>
      <xmin>114</xmin>
      <ymin>107</ymin>
      <xmax>169</xmax>
      <ymax>141</ymax>
    </bndbox>
  </object>
  <object>
    <name>car</name>
    <pose>Unspecified</pose>
    <truncated>0</truncated>
    <difficult>0</difficult>
    <bndbox>
      <xmin>241</xmin>
      <ymin>159</ymin>
      <xmax>291</xmax>
      <ymax>191</ymax>
    </bndbox>
  </object>
</annotation>
