<annotation>
  <folder>car</folder>
  <filename>0001</filename>
  <path>C:\Users\lenovo\Desktop\car\0001.jpg</path>
  <source>
    <database>Unknown</database>
  </source>
  <size>
    <width>320</width>
    <height>256</height>
    <depth>3</depth>
  </size>
  <segmented>0</segmented>
  <object>
    <name>car</name>
    <pose>Unspecified</pose>
    <truncated>0</truncated>
    <difficult>0</difficult>
    <bndbox>
      <xmin>100</xmin>
      <ymin>112</ymin>
      <xmax>161</xmax>
      <ymax>144</ymax>
    </bndbox>
  </object>
  <object>
    <name>car</name>
    <pose>Unspecified</pose>
    <truncated>0</truncated>
    <difficult>0</difficult>
    <bndbox>
      <xmin>214</xmin>
      <ymin>159</ymin>
      <xmax>274</xmax>
      <ymax>189</ymax>
    </bndbox>
  </object>
</annotation>
