<annotation>
  <folder>car</folder>
  <filename>0002</filename>
  <path>C:\Users\lenovo\Desktop\car\0002.jpg</path>
  <source>
    <database>Unknown</database>
  </source>
  <size>
    <width>320</width>
    <height>256</height>
    <depth>3</depth>
  </size>
  <segmented>0</segmented>
  <object>
    <name>car</name>
    <pose>Unspecified</pose>
    <truncated>0</truncated>
    <difficult>0</difficult>
    <bndbox>
      <xmin>106</xmin>
      <ymin>117</ymin>
      <xmax>151</xmax>
      <ymax>142</ymax>
    </bndbox>
  </object>
  <object>
    <name>car</name>
    <pose>Unspecified</pose>
    <truncated>0</truncated>
    <difficult>0</difficult>
    <bndbox>
      <xmin>214</xmin>
      <ymin>154</ymin>
      <xmax>268</xmax>
      <ymax>188</ymax>
    </bndbox>
  </object>
</annotation>
