<annotation>
  <folder>car</folder>
  <filename>0004</filename>
  <path>C:\Users\lenovo\Desktop\car\0004.jpg</path>
  <source>
    <database>Unknown</database>
  </source>
  <size>
    <width>320</width>
    <height>256</height>
    <depth>3</depth>
  </size>
  <segmented>0</segmented>
  <object>
    <name>car</name>
    <pose>Unspecified</pose>
    <truncated>0</truncated>
    <difficult>0</difficult>
    <bndbox>
      <xmin>248</xmin>
      <ymin>161</ymin>
      <xmax>291</xmax>
      <ymax>182</ymax>
    </bndbox>
  </object>
  <object>
    <name>car</name>
    <pose>Unspecified</pose>
    <truncated>0</truncated>
    <difficult>0</difficult>
    <bndbox>
      <xmin>73</xmin>
      <ymin>123</ymin>
      <xmax>104</xmax>
      <ymax>141</ymax>
    </bndbox>
  </object>
</annotation>
