<annotation>
  <folder>car</folder>
  <filename>0005</filename>
  <path>C:\Users\lenovo\Desktop\car\0005.jpg</path>
  <source>
    <database>Unknown</database>
  </source>
  <size>
    <width>320</width>
    <height>256</height>
    <depth>3</depth>
  </size>
  <segmented>0</segmented>
  <object>
    <name>car</name>
    <pose>Unspecified</pose>
    <truncated>0</truncated>
    <difficult>0</difficult>
    <bndbox>
      <xmin>120</xmin>
      <ymin>136</ymin>
      <xmax>154</xmax>
      <ymax>156</ymax>
    </bndbox>
  </object>
  <object>
    <name>car</name>
    <pose>Unspecified</pose>
    <truncated>0</truncated>
    <difficult>0</difficult>
    <bndbox>
      <xmin>258</xmin>
      <ymin>156</ymin>
      <xmax>310</xmax>
      <ymax>184</ymax>
    </bndbox>
  </object>
</annotation>
