<annotation>
  <folder>car</folder>
  <filename>0006</filename>
  <path>C:\Users\lenovo\Desktop\car\0006.jpg</path>
  <source>
    <database>Unknown</database>
  </source>
  <size>
    <width>320</width>
    <height>256</height>
    <depth>3</depth>
  </size>
  <segmented>0</segmented>
  <object>
    <name>car</name>
    <pose>Unspecified</pose>
    <truncated>0</truncated>
    <difficult>0</difficult>
    <bndbox>
      <xmin>274</xmin>
      <ymin>184</ymin>
      <xmax>314</xmax>
      <ymax>207</ymax>
    </bndbox>
  </object>
  <object>
    <name>car</name>
    <pose>Unspecified</pose>
    <truncated>0</truncated>
    <difficult>0</difficult>
    <bndbox>
      <xmin>258</xmin>
      <ymin>162</ymin>
      <xmax>293</xmax>
      <ymax>181</ymax>
    </bndbox>
  </object>
  <object>
    <name>car</name>
    <pose>Unspecified</pose>
    <truncated>0</truncated>
    <difficult>0</difficult>
    <bndbox>
      <xmin>153</xmin>
      <ymin>126</ymin>
      <xmax>195</xmax>
      <ymax>147</ymax>
    </bndbox>
  </object>
</annotation>
