<annotation>
  <folder>car</folder>
  <filename>0009</filename>
  <path>C:\Users\lenovo\Desktop\car\0009.jpg</path>
  <source>
    <database>Unknown</database>
  </source>
  <size>
    <width>320</width>
    <height>256</height>
    <depth>3</depth>
  </size>
  <segmented>0</segmented>
  <object>
    <name>car</name>
    <pose>Unspecified</pose>
    <truncated>0</truncated>
    <difficult>0</difficult>
    <bndbox>
      <xmin>169</xmin>
      <ymin>124</ymin>
      <xmax>216</xmax>
      <ymax>153</ymax>
    </bndbox>
  </object>
  <object>
    <name>car</name>
    <pose>Unspecified</pose>
    <truncated>0</truncated>
    <difficult>0</difficult>
    <bndbox>
      <xmin>259</xmin>
      <ymin>162</ymin>
      <xmax>300</xmax>
      <ymax>186</ymax>
    </bndbox>
  </object>
</annotation>
