<annotation>
  <folder>car</folder>
  <filename>0010</filename>
  <path>C:\Users\lenovo\Desktop\car\0010.jpg</path>
  <source>
    <database>Unknown</database>
  </source>
  <size>
    <width>320</width>
    <height>256</height>
    <depth>3</depth>
  </size>
  <segmented>0</segmented>
  <object>
    <name>car</name>
    <pose>Unspecified</pose>
    <truncated>0</truncated>
    <difficult>0</difficult>
    <bndbox>
      <xmin>170</xmin>
      <ymin>128</ymin>
      <xmax>228</xmax>
      <ymax>159</ymax>
    </bndbox>
  </object>
  <object>
    <name>car</name>
    <pose>Unspecified</pose>
    <truncated>0</truncated>
    <difficult>0</difficult>
    <bndbox>
      <xmin>263</xmin>
      <ymin>159</ymin>
      <xmax>305</xmax>
      <ymax>187</ymax>
    </bndbox>
  </object>
</annotation>
