<annotation>
  <folder>car</folder>
  <filename>0011</filename>
  <path>C:\Users\lenovo\Desktop\car\0011.jpg</path>
  <source>
    <database>Unknown</database>
  </source>
  <size>
    <width>320</width>
    <height>256</height>
    <depth>3</depth>
  </size>
  <segmented>0</segmented>
  <object>
    <name>car</name>
    <pose>Unspecified</pose>
    <truncated>0</truncated>
    <difficult>0</difficult>
    <bndbox>
      <xmin>170</xmin>
      <ymin>132</ymin>
      <xmax>231</xmax>
      <ymax>158</ymax>
    </bndbox>
  </object>
  <object>
    <name>car</name>
    <pose>Unspecified</pose>
    <truncated>0</truncated>
    <difficult>0</difficult>
    <bndbox>
      <xmin>260</xmin>
      <ymin>157</ymin>
      <xmax>306</xmax>
      <ymax>183</ymax>
    </bndbox>
  </object>
</annotation>
