<annotation>
  <folder>car</folder>
  <filename>0012</filename>
  <path>C:\Users\lenovo\Desktop\car\0012.jpg</path>
  <source>
    <database>Unknown</database>
  </source>
  <size>
    <width>320</width>
    <height>256</height>
    <depth>3</depth>
  </size>
  <segmented>0</segmented>
  <object>
    <name>car</name>
    <pose>Unspecified</pose>
    <truncated>0</truncated>
    <difficult>0</difficult>
    <bndbox>
      <xmin>156</xmin>
      <ymin>131</ymin>
      <xmax>213</xmax>
      <ymax>158</ymax>
    </bndbox>
  </object>
  <object>
    <name>car</name>
    <pose>Unspecified</pose>
    <truncated>0</truncated>
    <difficult>0</difficult>
    <bndbox>
      <xmin>246</xmin>
      <ymin>157</ymin>
      <xmax>296</xmax>
      <ymax>187</ymax>
    </bndbox>
  </object>
</annotation>
