<annotation>
  <folder>car</folder>
  <filename>0014</filename>
  <path>C:\Users\lenovo\Desktop\car\0014.jpg</path>
  <source>
    <database>Unknown</database>
  </source>
  <size>
    <width>320</width>
    <height>256</height>
    <depth>3</depth>
  </size>
  <segmented>0</segmented>
  <object>
    <name>car</name>
    <pose>Unspecified</pose>
    <truncated>0</truncated>
    <difficult>0</difficult>
    <bndbox>
      <xmin>169</xmin>
      <ymin>134</ymin>
      <xmax>218</xmax>
      <ymax>162</ymax>
    </bndbox>
  </object>
  <object>
    <name>car</name>
    <pose>Unspecified</pose>
    <truncated>0</truncated>
    <difficult>0</difficult>
    <bndbox>
      <xmin>251</xmin>
      <ymin>159</ymin>
      <xmax>304</xmax>
      <ymax>187</ymax>
    </bndbox>
  </object>
</annotation>
