<annotation>
  <folder>car</folder>
  <filename>0015</filename>
  <path>C:\Users\lenovo\Desktop\car\0015.jpg</path>
  <source>
    <database>Unknown</database>
  </source>
  <size>
    <width>320</width>
    <height>256</height>
    <depth>3</depth>
  </size>
  <segmented>0</segmented>
  <object>
    <name>car</name>
    <pose>Unspecified</pose>
    <truncated>0</truncated>
    <difficult>0</difficult>
    <bndbox>
      <xmin>168</xmin>
      <ymin>137</ymin>
      <xmax>220</xmax>
      <ymax>159</ymax>
    </bndbox>
  </object>
  <object>
    <name>car</name>
    <pose>Unspecified</pose>
    <truncated>0</truncated>
    <difficult>0</difficult>
    <bndbox>
      <xmin>256</xmin>
      <ymin>163</ymin>
      <xmax>296</xmax>
      <ymax>186</ymax>
    </bndbox>
  </object>
</annotation>
