<annotation>
  <folder>car</folder>
  <filename>0016</filename>
  <path>C:\Users\lenovo\Desktop\car\0016.jpg</path>
  <source>
    <database>Unknown</database>
  </source>
  <size>
    <width>320</width>
    <height>256</height>
    <depth>3</depth>
  </size>
  <segmented>0</segmented>
  <object>
    <name>car</name>
    <pose>Unspecified</pose>
    <truncated>0</truncated>
    <difficult>0</difficult>
    <bndbox>
      <xmin>118</xmin>
      <ymin>138</ymin>
      <xmax>168</xmax>
      <ymax>167</ymax>
    </bndbox>
  </object>
  <object>
    <name>car</name>
    <pose>Unspecified</pose>
    <truncated>0</truncated>
    <difficult>0</difficult>
    <bndbox>
      <xmin>200</xmin>
      <ymin>168</ymin>
      <xmax>246</xmax>
      <ymax>191</ymax>
    </bndbox>
  </object>
</annotation>
