<annotation>
  <folder>car</folder>
  <filename>0018</filename>
  <path>C:\Users\lenovo\Desktop\car\0018.jpg</path>
  <source>
    <database>Unknown</database>
  </source>
  <size>
    <width>320</width>
    <height>256</height>
    <depth>3</depth>
  </size>
  <segmented>0</segmented>
  <object>
    <name>car</name>
    <pose>Unspecified</pose>
    <truncated>0</truncated>
    <difficult>0</difficult>
    <bndbox>
      <xmin>69</xmin>
      <ymin>161</ymin>
      <xmax>115</xmax>
      <ymax>186</ymax>
    </bndbox>
  </object>
  <object>
    <name>car</name>
    <pose>Unspecified</pose>
    <truncated>0</truncated>
    <difficult>0</difficult>
    <bndbox>
      <xmin>98</xmin>
      <ymin>149</ymin>
      <xmax>150</xmax>
      <ymax>174</ymax>
    </bndbox>
  </object>
  <object>
    <name>car</name>
    <pose>Unspecified</pose>
    <truncated>0</truncated>
    <difficult>0</difficult>
    <bndbox>
      <xmin>185</xmin>
      <ymin>172</ymin>
      <xmax>230</xmax>
      <ymax>201</ymax>
    </bndbox>
  </object>
</annotation>
