<annotation>
  <folder>car</folder>
  <filename>0020</filename>
  <path>C:\Users\lenovo\Desktop\car\0020.jpg</path>
  <source>
    <database>Unknown</database>
  </source>
  <size>
    <width>320</width>
    <height>256</height>
    <depth>3</depth>
  </size>
  <segmented>0</segmented>
  <object>
    <name>car</name>
    <pose>Unspecified</pose>
    <truncated>0</truncated>
    <difficult>0</difficult>
    <bndbox>
      <xmin>138</xmin>
      <ymin>148</ymin>
      <xmax>188</xmax>
      <ymax>177</ymax>
    </bndbox>
  </object>
  <object>
    <name>car</name>
    <pose>Unspecified</pose>
    <truncated>0</truncated>
    <difficult>0</difficult>
    <bndbox>
      <xmin>230</xmin>
      <ymin>176</ymin>
      <xmax>273</xmax>
      <ymax>197</ymax>
    </bndbox>
  </object>
  <object>
    <name>car</name>
    <pose>Unspecified</pose>
    <truncated>0</truncated>
    <difficult>0</difficult>
    <bndbox>
      <xmin>228</xmin>
      <ymin>197</ymin>
      <xmax>290</xmax>
      <ymax>222</ymax>
    </bndbox>
  </object>
</annotation>
