<annotation>
  <folder>car</folder>
  <filename>0021</filename>
  <path>C:\Users\lenovo\Desktop\car\0021.jpg</path>
  <source>
    <database>Unknown</database>
  </source>
  <size>
    <width>320</width>
    <height>256</height>
    <depth>3</depth>
  </size>
  <segmented>0</segmented>
  <object>
    <name>car</name>
    <pose>Unspecified</pose>
    <truncated>0</truncated>
    <difficult>0</difficult>
    <bndbox>
      <xmin>145</xmin>
      <ymin>161</ymin>
      <xmax>190</xmax>
      <ymax>184</ymax>
    </bndbox>
  </object>
  <object>
    <name>car</name>
    <pose>Unspecified</pose>
    <truncated>0</truncated>
    <difficult>0</difficult>
    <bndbox>
      <xmin>230</xmin>
      <ymin>184</ymin>
      <xmax>279</xmax>
      <ymax>209</ymax>
    </bndbox>
  </object>
</annotation>
