<annotation>
  <folder>car</folder>
  <filename>0022</filename>
  <path>C:\Users\lenovo\Desktop\car\0022.jpg</path>
  <source>
    <database>Unknown</database>
  </source>
  <size>
    <width>320</width>
    <height>256</height>
    <depth>3</depth>
  </size>
  <segmented>0</segmented>
  <object>
    <name>car</name>
    <pose>Unspecified</pose>
    <truncated>0</truncated>
    <difficult>0</difficult>
    <bndbox>
      <xmin>161</xmin>
      <ymin>154</ymin>
      <xmax>213</xmax>
      <ymax>181</ymax>
    </bndbox>
  </object>
  <object>
    <name>car</name>
    <pose>Unspecified</pose>
    <truncated>0</truncated>
    <difficult>0</difficult>
    <bndbox>
      <xmin>256</xmin>
      <ymin>179</ymin>
      <xmax>299</xmax>
      <ymax>207</ymax>
    </bndbox>
  </object>
</annotation>
