<annotation>
  <folder>car</folder>
  <filename>0023</filename>
  <path>C:\Users\lenovo\Desktop\car\0023.jpg</path>
  <source>
    <database>Unknown</database>
  </source>
  <size>
    <width>320</width>
    <height>256</height>
    <depth>3</depth>
  </size>
  <segmented>0</segmented>
  <object>
    <name>car</name>
    <pose>Unspecified</pose>
    <truncated>0</truncated>
    <difficult>0</difficult>
    <bndbox>
      <xmin>189</xmin>
      <ymin>153</ymin>
      <xmax>234</xmax>
      <ymax>171</ymax>
    </bndbox>
  </object>
  <object>
    <name>car</name>
    <pose>Unspecified</pose>
    <truncated>0</truncated>
    <difficult>0</difficult>
    <bndbox>
      <xmin>281</xmin>
      <ymin>169</ymin>
      <xmax>316</xmax>
      <ymax>198</ymax>
    </bndbox>
  </object>
</annotation>
