<annotation>
  <folder>car</folder>
  <filename>0024</filename>
  <path>C:\Users\lenovo\Desktop\car\0024.jpg</path>
  <source>
    <database>Unknown</database>
  </source>
  <size>
    <width>320</width>
    <height>256</height>
    <depth>3</depth>
  </size>
  <segmented>0</segmented>
  <object>
    <name>car</name>
    <pose>Unspecified</pose>
    <truncated>0</truncated>
    <difficult>0</difficult>
    <bndbox>
      <xmin>285</xmin>
      <ymin>169</ymin>
      <xmax>320</xmax>
      <ymax>188</ymax>
    </bndbox>
  </object>
  <object>
    <name>car</name>
    <pose>Unspecified</pose>
    <truncated>0</truncated>
    <difficult>0</difficult>
    <bndbox>
      <xmin>189</xmin>
      <ymin>143</ymin>
      <xmax>239</xmax>
      <ymax>164</ymax>
    </bndbox>
  </object>
</annotation>
