<annotation>
  <folder>car</folder>
  <filename>0031</filename>
  <path>C:\Users\lenovo\Desktop\car\0031.jpg</path>
  <source>
    <database>Unknown</database>
  </source>
  <size>
    <width>320</width>
    <height>256</height>
    <depth>3</depth>
  </size>
  <segmented>0</segmented>
  <object>
    <name>car</name>
    <pose>Unspecified</pose>
    <truncated>0</truncated>
    <difficult>0</difficult>
    <bndbox>
      <xmin>160</xmin>
      <ymin>154</ymin>
      <xmax>208</xmax>
      <ymax>186</ymax>
    </bndbox>
  </object>
  <object>
    <name>car</name>
    <pose>Unspecified</pose>
    <truncated>0</truncated>
    <difficult>0</difficult>
    <bndbox>
      <xmin>249</xmin>
      <ymin>176</ymin>
      <xmax>300</xmax>
      <ymax>208</ymax>
    </bndbox>
  </object>
</annotation>
