<annotation>
  <folder>car</folder>
  <filename>0033</filename>
  <path>C:\Users\lenovo\Desktop\car\0033.jpg</path>
  <source>
    <database>Unknown</database>
  </source>
  <size>
    <width>320</width>
    <height>256</height>
    <depth>3</depth>
  </size>
  <segmented>0</segmented>
  <object>
    <name>car</name>
    <pose>Unspecified</pose>
    <truncated>0</truncated>
    <difficult>0</difficult>
    <bndbox>
      <xmin>193</xmin>
      <ymin>143</ymin>
      <xmax>235</xmax>
      <ymax>176</ymax>
    </bndbox>
  </object>
  <object>
    <name>car</name>
    <pose>Unspecified</pose>
    <truncated>0</truncated>
    <difficult>0</difficult>
    <bndbox>
      <xmin>284</xmin>
      <ymin>171</ymin>
      <xmax>316</xmax>
      <ymax>196</ymax>
    </bndbox>
  </object>
</annotation>
