<annotation>
  <folder>car</folder>
  <filename>0034</filename>
  <path>C:\Users\lenovo\Desktop\car\0034.jpg</path>
  <source>
    <database>Unknown</database>
  </source>
  <size>
    <width>320</width>
    <height>256</height>
    <depth>3</depth>
  </size>
  <segmented>0</segmented>
  <object>
    <name>car</name>
    <pose>Unspecified</pose>
    <truncated>0</truncated>
    <difficult>0</difficult>
    <bndbox>
      <xmin>195</xmin>
      <ymin>141</ymin>
      <xmax>239</xmax>
      <ymax>166</ymax>
    </bndbox>
  </object>
  <object>
    <name>car</name>
    <pose>Unspecified</pose>
    <truncated>0</truncated>
    <difficult>0</difficult>
    <bndbox>
      <xmin>288</xmin>
      <ymin>166</ymin>
      <xmax>319</xmax>
      <ymax>196</ymax>
    </bndbox>
  </object>
</annotation>
