<annotation>
  <folder>car</folder>
  <filename>0035</filename>
  <path>C:\Users\lenovo\Desktop\car\0035.jpg</path>
  <source>
    <database>Unknown</database>
  </source>
  <size>
    <width>320</width>
    <height>256</height>
    <depth>3</depth>
  </size>
  <segmented>0</segmented>
  <object>
    <name>car</name>
    <pose>Unspecified</pose>
    <truncated>0</truncated>
    <difficult>0</difficult>
    <bndbox>
      <xmin>20</xmin>
      <ymin>186</ymin>
      <xmax>50</xmax>
      <ymax>229</ymax>
    </bndbox>
  </object>
  <object>
    <name>car</name>
    <pose>Unspecified</pose>
    <truncated>0</truncated>
    <difficult>0</difficult>
    <bndbox>
      <xmin>151</xmin>
      <ymin>127</ymin>
      <xmax>195</xmax>
      <ymax>149</ymax>
    </bndbox>
  </object>
</annotation>
