<annotation>
  <folder>car</folder>
  <filename>0036</filename>
  <path>C:\Users\lenovo\Desktop\car\0036.jpg</path>
  <source>
    <database>Unknown</database>
  </source>
  <size>
    <width>320</width>
    <height>256</height>
    <depth>3</depth>
  </size>
  <segmented>0</segmented>
  <object>
    <name>car</name>
    <pose>Unspecified</pose>
    <truncated>0</truncated>
    <difficult>0</difficult>
    <bndbox>
      <xmin>35</xmin>
      <ymin>199</ymin>
      <xmax>66</xmax>
      <ymax>231</ymax>
    </bndbox>
  </object>
  <object>
    <name>car</name>
    <pose>Unspecified</pose>
    <truncated>0</truncated>
    <difficult>0</difficult>
    <bndbox>
      <xmin>158</xmin>
      <ymin>123</ymin>
      <xmax>205</xmax>
      <ymax>148</ymax>
    </bndbox>
  </object>
</annotation>
