<annotation>
  <folder>car</folder>
  <filename>0041</filename>
  <path>C:\Users\lenovo\Desktop\car\0041.jpg</path>
  <source>
    <database>Unknown</database>
  </source>
  <size>
    <width>320</width>
    <height>256</height>
    <depth>3</depth>
  </size>
  <segmented>0</segmented>
  <object>
    <name>car</name>
    <pose>Unspecified</pose>
    <truncated>0</truncated>
    <difficult>0</difficult>
    <bndbox>
      <xmin>200</xmin>
      <ymin>124</ymin>
      <xmax>239</xmax>
      <ymax>142</ymax>
    </bndbox>
  </object>
</annotation>
