<annotation>
  <folder>car</folder>
  <filename>0044</filename>
  <path>C:\Users\lenovo\Desktop\car\0044.jpg</path>
  <source>
    <database>Unknown</database>
  </source>
  <size>
    <width>320</width>
    <height>256</height>
    <depth>3</depth>
  </size>
  <segmented>0</segmented>
  <object>
    <name>car</name>
    <pose>Unspecified</pose>
    <truncated>0</truncated>
    <difficult>0</difficult>
    <bndbox>
      <xmin>225</xmin>
      <ymin>149</ymin>
      <xmax>266</xmax>
      <ymax>162</ymax>
    </bndbox>
  </object>
</annotation>
