<annotation>
  <folder>car</folder>
  <filename>0045</filename>
  <path>C:\Users\lenovo\Desktop\car\0045.jpg</path>
  <source>
    <database>Unknown</database>
  </source>
  <size>
    <width>320</width>
    <height>256</height>
    <depth>3</depth>
  </size>
  <segmented>0</segmented>
  <object>
    <name>car</name>
    <pose>Unspecified</pose>
    <truncated>0</truncated>
    <difficult>0</difficult>
    <bndbox>
      <xmin>220</xmin>
      <ymin>143</ymin>
      <xmax>275</xmax>
      <ymax>163</ymax>
    </bndbox>
  </object>
</annotation>
