<annotation>
  <folder>car</folder>
  <filename>0046</filename>
  <path>C:\Users\lenovo\Desktop\car\0046.jpg</path>
  <source>
    <database>Unknown</database>
  </source>
  <size>
    <width>320</width>
    <height>256</height>
    <depth>3</depth>
  </size>
  <segmented>0</segmented>
  <object>
    <name>car</name>
    <pose>Unspecified</pose>
    <truncated>0</truncated>
    <difficult>0</difficult>
    <bndbox>
      <xmin>133</xmin>
      <ymin>132</ymin>
      <xmax>173</xmax>
      <ymax>154</ymax>
    </bndbox>
  </object>
  <object>
    <name>car</name>
    <pose>Unspecified</pose>
    <truncated>0</truncated>
    <difficult>0</difficult>
    <bndbox>
      <xmin>219</xmin>
      <ymin>141</ymin>
      <xmax>254</xmax>
      <ymax>159</ymax>
    </bndbox>
  </object>
</annotation>
