<annotation>
  <folder>car</folder>
  <filename>0047</filename>
  <path>C:\Users\lenovo\Desktop\car\0047.jpg</path>
  <source>
    <database>Unknown</database>
  </source>
  <size>
    <width>320</width>
    <height>256</height>
    <depth>3</depth>
  </size>
  <segmented>0</segmented>
  <object>
    <name>car</name>
    <pose>Unspecified</pose>
    <truncated>0</truncated>
    <difficult>0</difficult>
    <bndbox>
      <xmin>135</xmin>
      <ymin>129</ymin>
      <xmax>191</xmax>
      <ymax>151</ymax>
    </bndbox>
  </object>
  <object>
    <name>car</name>
    <pose>Unspecified</pose>
    <truncated>0</truncated>
    <difficult>0</difficult>
    <bndbox>
      <xmin>5</xmin>
      <ymin>192</ymin>
      <xmax>30</xmax>
      <ymax>226</ymax>
    </bndbox>
  </object>
</annotation>
