<annotation>
  <folder>car</folder>
  <filename>0048</filename>
  <path>C:\Users\lenovo\Desktop\car\0048.jpg</path>
  <source>
    <database>Unknown</database>
  </source>
  <size>
    <width>320</width>
    <height>256</height>
    <depth>3</depth>
  </size>
  <segmented>0</segmented>
  <object>
    <name>car</name>
    <pose>Unspecified</pose>
    <truncated>0</truncated>
    <difficult>0</difficult>
    <bndbox>
      <xmin>38</xmin>
      <ymin>197</ymin>
      <xmax>58</xmax>
      <ymax>229</ymax>
    </bndbox>
  </object>
  <object>
    <name>car</name>
    <pose>Unspecified</pose>
    <truncated>0</truncated>
    <difficult>0</difficult>
    <bndbox>
      <xmin>161</xmin>
      <ymin>129</ymin>
      <xmax>204</xmax>
      <ymax>149</ymax>
    </bndbox>
  </object>
</annotation>
