<annotation>
  <folder>car</folder>
  <filename>0049</filename>
  <path>C:\Users\lenovo\Desktop\car\0049.jpg</path>
  <source>
    <database>Unknown</database>
  </source>
  <size>
    <width>320</width>
    <height>256</height>
    <depth>3</depth>
  </size>
  <segmented>0</segmented>
  <object>
    <name>car</name>
    <pose>Unspecified</pose>
    <truncated>0</truncated>
    <difficult>0</difficult>
    <bndbox>
      <xmin>51</xmin>
      <ymin>201</ymin>
      <xmax>74</xmax>
      <ymax>233</ymax>
    </bndbox>
  </object>
  <object>
    <name>car</name>
    <pose>Unspecified</pose>
    <truncated>0</truncated>
    <difficult>0</difficult>
    <bndbox>
      <xmin>168</xmin>
      <ymin>123</ymin>
      <xmax>208</xmax>
      <ymax>139</ymax>
    </bndbox>
  </object>
</annotation>
