<annotation>
  <folder>car</folder>
  <filename>0050</filename>
  <path>C:\Users\lenovo\Desktop\car\0050.jpg</path>
  <source>
    <database>Unknown</database>
  </source>
  <size>
    <width>320</width>
    <height>256</height>
    <depth>3</depth>
  </size>
  <segmented>0</segmented>
  <object>
    <name>car</name>
    <pose>Unspecified</pose>
    <truncated>0</truncated>
    <difficult>0</difficult>
    <bndbox>
      <xmin>53</xmin>
      <ymin>208</ymin>
      <xmax>74</xmax>
      <ymax>237</ymax>
    </bndbox>
  </object>
  <object>
    <name>car</name>
    <pose>Unspecified</pose>
    <truncated>0</truncated>
    <difficult>0</difficult>
    <bndbox>
      <xmin>165</xmin>
      <ymin>118</ymin>
      <xmax>204</xmax>
      <ymax>136</ymax>
    </bndbox>
  </object>
</annotation>
