<annotation>
  <folder>car</folder>
  <filename>0054</filename>
  <path>C:\Users\lenovo\Desktop\car\0054.jpg</path>
  <source>
    <database>Unknown</database>
  </source>
  <size>
    <width>320</width>
    <height>256</height>
    <depth>3</depth>
  </size>
  <segmented>0</segmented>
  <object>
    <name>car</name>
    <pose>Unspecified</pose>
    <truncated>0</truncated>
    <difficult>0</difficult>
    <bndbox>
      <xmin>153</xmin>
      <ymin>124</ymin>
      <xmax>194</xmax>
      <ymax>143</ymax>
    </bndbox>
  </object>
  <object>
    <name>car</name>
    <pose>Unspecified</pose>
    <truncated>0</truncated>
    <difficult>0</difficult>
    <bndbox>
      <xmin>216</xmin>
      <ymin>126</ymin>
      <xmax>248</xmax>
      <ymax>146</ymax>
    </bndbox>
  </object>
</annotation>
