<annotation>
  <folder>car</folder>
  <filename>0055</filename>
  <path>C:\Users\lenovo\Desktop\car\0055.jpg</path>
  <source>
    <database>Unknown</database>
  </source>
  <size>
    <width>320</width>
    <height>256</height>
    <depth>3</depth>
  </size>
  <segmented>0</segmented>
  <object>
    <name>car</name>
    <pose>Unspecified</pose>
    <truncated>0</truncated>
    <difficult>0</difficult>
    <bndbox>
      <xmin>129</xmin>
      <ymin>127</ymin>
      <xmax>164</xmax>
      <ymax>148</ymax>
    </bndbox>
  </object>
  <object>
    <name>car</name>
    <pose>Unspecified</pose>
    <truncated>0</truncated>
    <difficult>0</difficult>
    <bndbox>
      <xmin>180</xmin>
      <ymin>134</ymin>
      <xmax>216</xmax>
      <ymax>151</ymax>
    </bndbox>
  </object>
</annotation>
