<annotation>
  <folder>car</folder>
  <filename>0057</filename>
  <path>C:\Users\lenovo\Desktop\car\0057.jpg</path>
  <source>
    <database>Unknown</database>
  </source>
  <size>
    <width>320</width>
    <height>256</height>
    <depth>3</depth>
  </size>
  <segmented>0</segmented>
  <object>
    <name>car</name>
    <pose>Unspecified</pose>
    <truncated>0</truncated>
    <difficult>0</difficult>
    <bndbox>
      <xmin>158</xmin>
      <ymin>131</ymin>
      <xmax>193</xmax>
      <ymax>152</ymax>
    </bndbox>
  </object>
  <object>
    <name>car</name>
    <pose>Unspecified</pose>
    <truncated>0</truncated>
    <difficult>0</difficult>
    <bndbox>
      <xmin>209</xmin>
      <ymin>133</ymin>
      <xmax>246</xmax>
      <ymax>152</ymax>
    </bndbox>
  </object>
</annotation>
