<annotation>
  <folder>car</folder>
  <filename>0059</filename>
  <path>C:\Users\lenovo\Desktop\car\0059.jpg</path>
  <source>
    <database>Unknown</database>
  </source>
  <size>
    <width>320</width>
    <height>256</height>
    <depth>3</depth>
  </size>
  <segmented>0</segmented>
  <object>
    <name>car</name>
    <pose>Unspecified</pose>
    <truncated>0</truncated>
    <difficult>0</difficult>
    <bndbox>
      <xmin>156</xmin>
      <ymin>128</ymin>
      <xmax>196</xmax>
      <ymax>152</ymax>
    </bndbox>
  </object>
  <object>
    <name>car</name>
    <pose>Unspecified</pose>
    <truncated>0</truncated>
    <difficult>0</difficult>
    <bndbox>
      <xmin>211</xmin>
      <ymin>136</ymin>
      <xmax>244</xmax>
      <ymax>153</ymax>
    </bndbox>
  </object>
</annotation>
