<annotation>
  <folder>car</folder>
  <filename>0071</filename>
  <path>C:\Users\lenovo\Desktop\car\0071.jpg</path>
  <source>
    <database>Unknown</database>
  </source>
  <size>
    <width>320</width>
    <height>256</height>
    <depth>3</depth>
  </size>
  <segmented>0</segmented>
  <object>
    <name>car</name>
    <pose>Unspecified</pose>
    <truncated>0</truncated>
    <difficult>0</difficult>
    <bndbox>
      <xmin>126</xmin>
      <ymin>121</ymin>
      <xmax>161</xmax>
      <ymax>152</ymax>
    </bndbox>
  </object>
  <object>
    <name>car</name>
    <pose>Unspecified</pose>
    <truncated>0</truncated>
    <difficult>0</difficult>
    <bndbox>
      <xmin>186</xmin>
      <ymin>113</ymin>
      <xmax>231</xmax>
      <ymax>133</ymax>
    </bndbox>
  </object>
  <object>
    <name>car</name>
    <pose>Unspecified</pose>
    <truncated>0</truncated>
    <difficult>0</difficult>
    <bndbox>
      <xmin>250</xmin>
      <ymin>107</ymin>
      <xmax>291</xmax>
      <ymax>132</ymax>
    </bndbox>
  </object>
</annotation>
