<annotation>
  <folder>car</folder>
  <filename>0073</filename>
  <path>C:\Users\lenovo\Desktop\car\0073.jpg</path>
  <source>
    <database>Unknown</database>
  </source>
  <size>
    <width>320</width>
    <height>256</height>
    <depth>3</depth>
  </size>
  <segmented>0</segmented>
  <object>
    <name>car</name>
    <pose>Unspecified</pose>
    <truncated>0</truncated>
    <difficult>0</difficult>
    <bndbox>
      <xmin>130</xmin>
      <ymin>129</ymin>
      <xmax>161</xmax>
      <ymax>162</ymax>
    </bndbox>
  </object>
  <object>
    <name>car</name>
    <pose>Unspecified</pose>
    <truncated>0</truncated>
    <difficult>0</difficult>
    <bndbox>
      <xmin>176</xmin>
      <ymin>107</ymin>
      <xmax>213</xmax>
      <ymax>129</ymax>
    </bndbox>
  </object>
  <object>
    <name>car</name>
    <pose>Unspecified</pose>
    <truncated>0</truncated>
    <difficult>0</difficult>
    <bndbox>
      <xmin>239</xmin>
      <ymin>101</ymin>
      <xmax>284</xmax>
      <ymax>127</ymax>
    </bndbox>
  </object>
</annotation>
