<annotation>
  <folder>car</folder>
  <filename>0086</filename>
  <path>C:\Users\lenovo\Desktop\car\0086.jpg</path>
  <source>
    <database>Unknown</database>
  </source>
  <size>
    <width>320</width>
    <height>256</height>
    <depth>3</depth>
  </size>
  <segmented>0</segmented>
  <object>
    <name>car</name>
    <pose>Unspecified</pose>
    <truncated>0</truncated>
    <difficult>0</difficult>
    <bndbox>
      <xmin>143</xmin>
      <ymin>132</ymin>
      <xmax>173</xmax>
      <ymax>157</ymax>
    </bndbox>
  </object>
  <object>
    <name>car</name>
    <pose>Unspecified</pose>
    <truncated>0</truncated>
    <difficult>0</difficult>
    <bndbox>
      <xmin>99</xmin>
      <ymin>64</ymin>
      <xmax>128</xmax>
      <ymax>92</ymax>
    </bndbox>
  </object>
  <object>
    <name>car</name>
    <pose>Unspecified</pose>
    <truncated>0</truncated>
    <difficult>0</difficult>
    <bndbox>
      <xmin>78</xmin>
      <ymin>12</ymin>
      <xmax>113</xmax>
      <ymax>33</ymax>
    </bndbox>
  </object>
</annotation>
