<annotation>
  <folder>car</folder>
  <filename>0096</filename>
  <path>C:\Users\lenovo\Desktop\car\0096.jpg</path>
  <source>
    <database>Unknown</database>
  </source>
  <size>
    <width>320</width>
    <height>256</height>
    <depth>3</depth>
  </size>
  <segmented>0</segmented>
  <object>
    <name>car</name>
    <pose>Unspecified</pose>
    <truncated>0</truncated>
    <difficult>0</difficult>
    <bndbox>
      <xmin>135</xmin>
      <ymin>112</ymin>
      <xmax>163</xmax>
      <ymax>141</ymax>
    </bndbox>
  </object>
  <object>
    <name>car</name>
    <pose>Unspecified</pose>
    <truncated>0</truncated>
    <difficult>0</difficult>
    <bndbox>
      <xmin>125</xmin>
      <ymin>61</ymin>
      <xmax>151</xmax>
      <ymax>87</ymax>
    </bndbox>
  </object>
  <object>
    <name>car</name>
    <pose>Unspecified</pose>
    <truncated>0</truncated>
    <difficult>0</difficult>
    <bndbox>
      <xmin>66</xmin>
      <ymin>34</ymin>
      <xmax>94</xmax>
      <ymax>59</ymax>
    </bndbox>
  </object>
  <object>
    <name>car</name>
    <pose>Unspecified</pose>
    <truncated>0</truncated>
    <difficult>0</difficult>
    <bndbox>
      <xmin>86</xmin>
      <ymin>12</ymin>
      <xmax>116</xmax>
      <ymax>33</ymax>
    </bndbox>
  </object>
</annotation>
