<annotation>
  <folder>car</folder>
  <filename>0098</filename>
  <path>C:\Users\lenovo\Desktop\car\0098.jpg</path>
  <source>
    <database>Unknown</database>
  </source>
  <size>
    <width>320</width>
    <height>256</height>
    <depth>3</depth>
  </size>
  <segmented>0</segmented>
  <object>
    <name>car</name>
    <pose>Unspecified</pose>
    <truncated>0</truncated>
    <difficult>0</difficult>
    <bndbox>
      <xmin>133</xmin>
      <ymin>107</ymin>
      <xmax>169</xmax>
      <ymax>144</ymax>
    </bndbox>
  </object>
  <object>
    <name>car</name>
    <pose>Unspecified</pose>
    <truncated>0</truncated>
    <difficult>0</difficult>
    <bndbox>
      <xmin>63</xmin>
      <ymin>27</ymin>
      <xmax>91</xmax>
      <ymax>56</ymax>
    </bndbox>
  </object>
  <object>
    <name>car</name>
    <pose>Unspecified</pose>
    <truncated>0</truncated>
    <difficult>0</difficult>
    <bndbox>
      <xmin>81</xmin>
      <ymin>13</ymin>
      <xmax>116</xmax>
      <ymax>46</ymax>
    </bndbox>
  </object>
</annotation>
