<annotation>
  <folder>car</folder>
  <filename>0100</filename>
  <path>C:\Users\lenovo\Desktop\car\0100.jpg</path>
  <source>
    <database>Unknown</database>
  </source>
  <size>
    <width>320</width>
    <height>256</height>
    <depth>3</depth>
  </size>
  <segmented>0</segmented>
  <object>
    <name>car</name>
    <pose>Unspecified</pose>
    <truncated>0</truncated>
    <difficult>0</difficult>
    <bndbox>
      <xmin>125</xmin>
      <ymin>107</ymin>
      <xmax>154</xmax>
      <ymax>139</ymax>
    </bndbox>
  </object>
  <object>
    <name>car</name>
    <pose>Unspecified</pose>
    <truncated>0</truncated>
    <difficult>0</difficult>
    <bndbox>
      <xmin>45</xmin>
      <ymin>26</ymin>
      <xmax>75</xmax>
      <ymax>52</ymax>
    </bndbox>
  </object>
</annotation>
