<annotation>
  <folder>car</folder>
  <filename>0101</filename>
  <path>C:\Users\lenovo\Desktop\car\0101.jpg</path>
  <source>
    <database>Unknown</database>
  </source>
  <size>
    <width>320</width>
    <height>256</height>
    <depth>3</depth>
  </size>
  <segmented>0</segmented>
  <object>
    <name>car</name>
    <pose>Unspecified</pose>
    <truncated>0</truncated>
    <difficult>0</difficult>
    <bndbox>
      <xmin>121</xmin>
      <ymin>108</ymin>
      <xmax>150</xmax>
      <ymax>134</ymax>
    </bndbox>
  </object>
  <object>
    <name>car</name>
    <pose>Unspecified</pose>
    <truncated>0</truncated>
    <difficult>0</difficult>
    <bndbox>
      <xmin>41</xmin>
      <ymin>23</ymin>
      <xmax>71</xmax>
      <ymax>52</ymax>
    </bndbox>
  </object>
</annotation>
