<annotation>
  <folder>car</folder>
  <filename>0102</filename>
  <path>C:\Users\lenovo\Desktop\car\0102.jpg</path>
  <source>
    <database>Unknown</database>
  </source>
  <size>
    <width>320</width>
    <height>256</height>
    <depth>3</depth>
  </size>
  <segmented>0</segmented>
  <object>
    <name>car</name>
    <pose>Unspecified</pose>
    <truncated>0</truncated>
    <difficult>0</difficult>
    <bndbox>
      <xmin>126</xmin>
      <ymin>106</ymin>
      <xmax>160</xmax>
      <ymax>139</ymax>
    </bndbox>
  </object>
  <object>
    <name>car</name>
    <pose>Unspecified</pose>
    <truncated>0</truncated>
    <difficult>0</difficult>
    <bndbox>
      <xmin>45</xmin>
      <ymin>22</ymin>
      <xmax>79</xmax>
      <ymax>52</ymax>
    </bndbox>
  </object>
</annotation>
