<annotation>
  <folder>car</folder>
  <filename>0103</filename>
  <path>C:\Users\lenovo\Desktop\car\0103.jpg</path>
  <source>
    <database>Unknown</database>
  </source>
  <size>
    <width>320</width>
    <height>256</height>
    <depth>3</depth>
  </size>
  <segmented>0</segmented>
  <object>
    <name>car</name>
    <pose>Unspecified</pose>
    <truncated>0</truncated>
    <difficult>0</difficult>
    <bndbox>
      <xmin>135</xmin>
      <ymin>107</ymin>
      <xmax>164</xmax>
      <ymax>137</ymax>
    </bndbox>
  </object>
  <object>
    <name>car</name>
    <pose>Unspecified</pose>
    <truncated>0</truncated>
    <difficult>0</difficult>
    <bndbox>
      <xmin>49</xmin>
      <ymin>19</ymin>
      <xmax>85</xmax>
      <ymax>51</ymax>
    </bndbox>
  </object>
</annotation>
