<annotation>
  <folder>car</folder>
  <filename>0122</filename>
  <path>C:\Users\lenovo\Desktop\car\0122.jpg</path>
  <source>
    <database>Unknown</database>
  </source>
  <size>
    <width>320</width>
    <height>256</height>
    <depth>3</depth>
  </size>
  <segmented>0</segmented>
  <object>
    <name>car</name>
    <pose>Unspecified</pose>
    <truncated>0</truncated>
    <difficult>0</difficult>
    <bndbox>
      <xmin>36</xmin>
      <ymin>41</ymin>
      <xmax>80</xmax>
      <ymax>78</ymax>
    </bndbox>
  </object>
  <object>
    <name>car</name>
    <pose>Unspecified</pose>
    <truncated>0</truncated>
    <difficult>0</difficult>
    <bndbox>
      <xmin>121</xmin>
      <ymin>81</ymin>
      <xmax>155</xmax>
      <ymax>112</ymax>
    </bndbox>
  </object>
  <object>
    <name>car</name>
    <pose>Unspecified</pose>
    <truncated>0</truncated>
    <difficult>0</difficult>
    <bndbox>
      <xmin>168</xmin>
      <ymin>111</ymin>
      <xmax>193</xmax>
      <ymax>146</ymax>
    </bndbox>
  </object>
  <object>
    <name>car</name>
    <pose>Unspecified</pose>
    <truncated>0</truncated>
    <difficult>0</difficult>
    <bndbox>
      <xmin>248</xmin>
      <ymin>198</ymin>
      <xmax>268</xmax>
      <ymax>221</ymax>
    </bndbox>
  </object>
</annotation>
