<annotation>
  <folder>car</folder>
  <filename>0139</filename>
  <path>C:\Users\lenovo\Desktop\car\0139.jpg</path>
  <source>
    <database>Unknown</database>
  </source>
  <size>
    <width>320</width>
    <height>256</height>
    <depth>3</depth>
  </size>
  <segmented>0</segmented>
  <object>
    <name>car</name>
    <pose>Unspecified</pose>
    <truncated>0</truncated>
    <difficult>0</difficult>
    <bndbox>
      <xmin>64</xmin>
      <ymin>29</ymin>
      <xmax>95</xmax>
      <ymax>66</ymax>
    </bndbox>
  </object>
  <object>
    <name>car</name>
    <pose>Unspecified</pose>
    <truncated>0</truncated>
    <difficult>0</difficult>
    <bndbox>
      <xmin>108</xmin>
      <ymin>86</ymin>
      <xmax>136</xmax>
      <ymax>113</ymax>
    </bndbox>
  </object>
  <object>
    <name>car</name>
    <pose>Unspecified</pose>
    <truncated>0</truncated>
    <difficult>0</difficult>
    <bndbox>
      <xmin>148</xmin>
      <ymin>128</ymin>
      <xmax>170</xmax>
      <ymax>154</ymax>
    </bndbox>
  </object>
</annotation>
