<annotation>
  <folder>car</folder>
  <filename>0140</filename>
  <path>C:\Users\lenovo\Desktop\car\0140.jpg</path>
  <source>
    <database>Unknown</database>
  </source>
  <size>
    <width>320</width>
    <height>256</height>
    <depth>3</depth>
  </size>
  <segmented>0</segmented>
  <object>
    <name>car</name>
    <pose>Unspecified</pose>
    <truncated>0</truncated>
    <difficult>0</difficult>
    <bndbox>
      <xmin>65</xmin>
      <ymin>32</ymin>
      <xmax>99</xmax>
      <ymax>64</ymax>
    </bndbox>
  </object>
  <object>
    <name>car</name>
    <pose>Unspecified</pose>
    <truncated>0</truncated>
    <difficult>0</difficult>
    <bndbox>
      <xmin>113</xmin>
      <ymin>81</ymin>
      <xmax>140</xmax>
      <ymax>114</ymax>
    </bndbox>
  </object>
  <object>
    <name>car</name>
    <pose>Unspecified</pose>
    <truncated>0</truncated>
    <difficult>0</difficult>
    <bndbox>
      <xmin>146</xmin>
      <ymin>127</ymin>
      <xmax>176</xmax>
      <ymax>156</ymax>
    </bndbox>
  </object>
</annotation>
