<annotation>
  <folder>car</folder>
  <filename>0141</filename>
  <path>C:\Users\lenovo\Desktop\car\0141.jpg</path>
  <source>
    <database>Unknown</database>
  </source>
  <size>
    <width>320</width>
    <height>256</height>
    <depth>3</depth>
  </size>
  <segmented>0</segmented>
  <object>
    <name>car</name>
    <pose>Unspecified</pose>
    <truncated>0</truncated>
    <difficult>0</difficult>
    <bndbox>
      <xmin>68</xmin>
      <ymin>31</ymin>
      <xmax>98</xmax>
      <ymax>59</ymax>
    </bndbox>
  </object>
  <object>
    <name>car</name>
    <pose>Unspecified</pose>
    <truncated>0</truncated>
    <difficult>0</difficult>
    <bndbox>
      <xmin>115</xmin>
      <ymin>79</ymin>
      <xmax>143</xmax>
      <ymax>113</ymax>
    </bndbox>
  </object>
  <object>
    <name>car</name>
    <pose>Unspecified</pose>
    <truncated>0</truncated>
    <difficult>0</difficult>
    <bndbox>
      <xmin>154</xmin>
      <ymin>124</ymin>
      <xmax>170</xmax>
      <ymax>147</ymax>
    </bndbox>
  </object>
</annotation>
