<annotation>
  <folder>car</folder>
  <filename>0142</filename>
  <path>C:\Users\lenovo\Desktop\car\0142.jpg</path>
  <source>
    <database>Unknown</database>
  </source>
  <size>
    <width>320</width>
    <height>256</height>
    <depth>3</depth>
  </size>
  <segmented>0</segmented>
  <object>
    <name>car</name>
    <pose>Unspecified</pose>
    <truncated>0</truncated>
    <difficult>0</difficult>
    <bndbox>
      <xmin>68</xmin>
      <ymin>28</ymin>
      <xmax>96</xmax>
      <ymax>67</ymax>
    </bndbox>
  </object>
  <object>
    <name>car</name>
    <pose>Unspecified</pose>
    <truncated>0</truncated>
    <difficult>0</difficult>
    <bndbox>
      <xmin>113</xmin>
      <ymin>79</ymin>
      <xmax>146</xmax>
      <ymax>113</ymax>
    </bndbox>
  </object>
  <object>
    <name>car</name>
    <pose>Unspecified</pose>
    <truncated>0</truncated>
    <difficult>0</difficult>
    <bndbox>
      <xmin>155</xmin>
      <ymin>127</ymin>
      <xmax>169</xmax>
      <ymax>146</ymax>
    </bndbox>
  </object>
</annotation>
