<annotation>
  <folder>car</folder>
  <filename>0148</filename>
  <path>C:\Users\lenovo\Desktop\car\0148.jpg</path>
  <source>
    <database>Unknown</database>
  </source>
  <size>
    <width>320</width>
    <height>256</height>
    <depth>3</depth>
  </size>
  <segmented>0</segmented>
  <object>
    <name>car</name>
    <pose>Unspecified</pose>
    <truncated>0</truncated>
    <difficult>0</difficult>
    <bndbox>
      <xmin>66</xmin>
      <ymin>32</ymin>
      <xmax>100</xmax>
      <ymax>66</ymax>
    </bndbox>
  </object>
  <object>
    <name>car</name>
    <pose>Unspecified</pose>
    <truncated>0</truncated>
    <difficult>0</difficult>
    <bndbox>
      <xmin>110</xmin>
      <ymin>82</ymin>
      <xmax>148</xmax>
      <ymax>112</ymax>
    </bndbox>
  </object>
  <object>
    <name>car</name>
    <pose>Unspecified</pose>
    <truncated>0</truncated>
    <difficult>0</difficult>
    <bndbox>
      <xmin>144</xmin>
      <ymin>123</ymin>
      <xmax>179</xmax>
      <ymax>151</ymax>
    </bndbox>
  </object>
</annotation>
