<annotation>
  <folder>car</folder>
  <filename>0150</filename>
  <path>C:\Users\lenovo\Desktop\car\0150.jpg</path>
  <source>
    <database>Unknown</database>
  </source>
  <size>
    <width>320</width>
    <height>256</height>
    <depth>3</depth>
  </size>
  <segmented>0</segmented>
  <object>
    <name>car</name>
    <pose>Unspecified</pose>
    <truncated>0</truncated>
    <difficult>0</difficult>
    <bndbox>
      <xmin>66</xmin>
      <ymin>28</ymin>
      <xmax>95</xmax>
      <ymax>63</ymax>
    </bndbox>
  </object>
  <object>
    <name>car</name>
    <pose>Unspecified</pose>
    <truncated>0</truncated>
    <difficult>0</difficult>
    <bndbox>
      <xmin>114</xmin>
      <ymin>81</ymin>
      <xmax>141</xmax>
      <ymax>108</ymax>
    </bndbox>
  </object>
  <object>
    <name>car</name>
    <pose>Unspecified</pose>
    <truncated>0</truncated>
    <difficult>0</difficult>
    <bndbox>
      <xmin>153</xmin>
      <ymin>126</ymin>
      <xmax>173</xmax>
      <ymax>157</ymax>
    </bndbox>
  </object>
</annotation>
