<annotation>
  <folder>data</folder>
  <filename>003</filename>
  <path>C:\Users\lenovo\Desktop\data\003.jpg</path>
  <source>
    <database>Unknown</database>
  </source>
  <size>
    <width>640</width>
    <height>512</height>
    <depth>1</depth>
  </size>
  <segmented>0</segmented>
  <object>
    <name>car</name>
    <pose>Unspecified</pose>
    <truncated>0</truncated>
    <difficult>0</difficult>
    <bndbox>
      <xmin>71</xmin>
      <ymin>287</ymin>
      <xmax>189</xmax>
      <ymax>335</ymax>
    </bndbox>
  </object>
</annotation>
