<annotation>
  <folder>data</folder>
  <filename>004</filename>
  <path>C:\Users\lenovo\Desktop\data\004.jpg</path>
  <source>
    <database>Unknown</database>
  </source>
  <size>
    <width>640</width>
    <height>512</height>
    <depth>1</depth>
  </size>
  <segmented>0</segmented>
  <object>
    <name>car</name>
    <pose>Unspecified</pose>
    <truncated>0</truncated>
    <difficult>0</difficult>
    <bndbox>
      <xmin>238</xmin>
      <ymin>280</ymin>
      <xmax>344</xmax>
      <ymax>323</ymax>
    </bndbox>
  </object>
  <object>
    <name>car</name>
    <pose>Unspecified</pose>
    <truncated>0</truncated>
    <difficult>0</difficult>
    <bndbox>
      <xmin>433</xmin>
      <ymin>176</ymin>
      <xmax>532</xmax>
      <ymax>214</ymax>
    </bndbox>
  </object>
</annotation>
