<annotation>
  <folder>data</folder>
  <filename>005</filename>
  <path>C:\Users\lenovo\Desktop\data\005.jpg</path>
  <source>
    <database>Unknown</database>
  </source>
  <size>
    <width>640</width>
    <height>512</height>
    <depth>1</depth>
  </size>
  <segmented>0</segmented>
  <object>
    <name>car</name>
    <pose>Unspecified</pose>
    <truncated>0</truncated>
    <difficult>0</difficult>
    <bndbox>
      <xmin>196</xmin>
      <ymin>282</ymin>
      <xmax>307</xmax>
      <ymax>324</ymax>
    </bndbox>
  </object>
</annotation>
