<annotation>
  <folder>data</folder>
  <filename>008</filename>
  <path>C:\Users\lenovo\Desktop\data\008.jpg</path>
  <source>
    <database>Unknown</database>
  </source>
  <size>
    <width>640</width>
    <height>512</height>
    <depth>1</depth>
  </size>
  <segmented>0</segmented>
  <object>
    <name>car</name>
    <pose>Unspecified</pose>
    <truncated>0</truncated>
    <difficult>0</difficult>
    <bndbox>
      <xmin>97</xmin>
      <ymin>463</ymin>
      <xmax>148</xmax>
      <ymax>487</ymax>
    </bndbox>
  </object>
  <object>
    <name>car</name>
    <pose>Unspecified</pose>
    <truncated>0</truncated>
    <difficult>0</difficult>
    <bndbox>
      <xmin>166</xmin>
      <ymin>398</ymin>
      <xmax>219</xmax>
      <ymax>424</ymax>
    </bndbox>
  </object>
  <object>
    <name>car</name>
    <pose>Unspecified</pose>
    <truncated>0</truncated>
    <difficult>0</difficult>
    <bndbox>
      <xmin>212</xmin>
      <ymin>432</ymin>
      <xmax>310</xmax>
      <ymax>472</ymax>
    </bndbox>
  </object>
</annotation>
