<annotation>
  <folder>data</folder>
  <filename>009</filename>
  <path>C:\Users\lenovo\Desktop\data\009.jpg</path>
  <source>
    <database>Unknown</database>
  </source>
  <size>
    <width>640</width>
    <height>512</height>
    <depth>1</depth>
  </size>
  <segmented>0</segmented>
  <object>
    <name>car</name>
    <pose>Unspecified</pose>
    <truncated>0</truncated>
    <difficult>0</difficult>
    <bndbox>
      <xmin>154</xmin>
      <ymin>484</ymin>
      <xmax>204</xmax>
      <ymax>507</ymax>
    </bndbox>
  </object>
  <object>
    <name>car</name>
    <pose>Unspecified</pose>
    <truncated>0</truncated>
    <difficult>0</difficult>
    <bndbox>
      <xmin>198</xmin>
      <ymin>447</ymin>
      <xmax>300</xmax>
      <ymax>489</ymax>
    </bndbox>
  </object>
  <object>
    <name>car</name>
    <pose>Unspecified</pose>
    <truncated>0</truncated>
    <difficult>0</difficult>
    <bndbox>
      <xmin>270</xmin>
      <ymin>411</ymin>
      <xmax>325</xmax>
      <ymax>444</ymax>
    </bndbox>
  </object>
</annotation>
