<annotation>
  <folder>data</folder>
  <filename>010</filename>
  <path>C:\Users\lenovo\Desktop\data\010.jpg</path>
  <source>
    <database>Unknown</database>
  </source>
  <size>
    <width>640</width>
    <height>512</height>
    <depth>1</depth>
  </size>
  <segmented>0</segmented>
  <object>
    <name>car</name>
    <pose>Unspecified</pose>
    <truncated>0</truncated>
    <difficult>0</difficult>
    <bndbox>
      <xmin>189</xmin>
      <ymin>403</ymin>
      <xmax>248</xmax>
      <ymax>426</ymax>
    </bndbox>
  </object>
  <object>
    <name>car</name>
    <pose>Unspecified</pose>
    <truncated>0</truncated>
    <difficult>0</difficult>
    <bndbox>
      <xmin>274</xmin>
      <ymin>468</ymin>
      <xmax>322</xmax>
      <ymax>493</ymax>
    </bndbox>
  </object>
  <object>
    <name>car</name>
    <pose>Unspecified</pose>
    <truncated>0</truncated>
    <difficult>0</difficult>
    <bndbox>
      <xmin>207</xmin>
      <ymin>433</ymin>
      <xmax>306</xmax>
      <ymax>471</ymax>
    </bndbox>
  </object>
  <object>
    <name>car</name>
    <pose>Unspecified</pose>
    <truncated>0</truncated>
    <difficult>0</difficult>
    <bndbox>
      <xmin>401</xmin>
      <ymin>410</ymin>
      <xmax>459</xmax>
      <ymax>439</ymax>
    </bndbox>
  </object>
</annotation>
