<annotation>
  <folder>data</folder>
  <filename>023</filename>
  <path>C:\Users\lenovo\Desktop\data\023.jpg</path>
  <source>
    <database>Unknown</database>
  </source>
  <size>
    <width>640</width>
    <height>512</height>
    <depth>1</depth>
  </size>
  <segmented>0</segmented>
  <object>
    <name>car</name>
    <pose>Unspecified</pose>
    <truncated>0</truncated>
    <difficult>0</difficult>
    <bndbox>
      <xmin>1</xmin>
      <ymin>292</ymin>
      <xmax>35</xmax>
      <ymax>321</ymax>
    </bndbox>
  </object>
  <object>
    <name>car</name>
    <pose>Unspecified</pose>
    <truncated>0</truncated>
    <difficult>0</difficult>
    <bndbox>
      <xmin>395</xmin>
      <ymin>299</ymin>
      <xmax>438</xmax>
      <ymax>338</ymax>
    </bndbox>
  </object>
  <object>
    <name>car</name>
    <pose>Unspecified</pose>
    <truncated>0</truncated>
    <difficult>0</difficult>
    <bndbox>
      <xmin>582</xmin>
      <ymin>270</ymin>
      <xmax>628</xmax>
      <ymax>298</ymax>
    </bndbox>
  </object>
  <object>
    <name>car</name>
    <pose>Unspecified</pose>
    <truncated>0</truncated>
    <difficult>0</difficult>
    <bndbox>
      <xmin>578</xmin>
      <ymin>300</ymin>
      <xmax>628</xmax>
      <ymax>329</ymax>
    </bndbox>
  </object>
  <object>
    <name>car</name>
    <pose>Unspecified</pose>
    <truncated>0</truncated>
    <difficult>0</difficult>
    <bndbox>
      <xmin>529</xmin>
      <ymin>328</ymin>
      <xmax>577</xmax>
      <ymax>359</ymax>
    </bndbox>
  </object>
  <object>
    <name>car</name>
    <pose>Unspecified</pose>
    <truncated>0</truncated>
    <difficult>0</difficult>
    <bndbox>
      <xmin>515</xmin>
      <ymin>384</ymin>
      <xmax>561</xmax>
      <ymax>416</ymax>
    </bndbox>
  </object>
  <object>
    <name>car</name>
    <pose>Unspecified</pose>
    <truncated>0</truncated>
    <difficult>0</difficult>
    <bndbox>
      <xmin>584</xmin>
      <ymin>411</ymin>
      <xmax>631</xmax>
      <ymax>444</ymax>
    </bndbox>
  </object>
  <object>
    <name>car</name>
    <pose>Unspecified</pose>
    <truncated>0</truncated>
    <difficult>0</difficult>
    <bndbox>
      <xmin>607</xmin>
      <ymin>379</ymin>
      <xmax>640</xmax>
      <ymax>405</ymax>
    </bndbox>
  </object>
</annotation>
