<annotation>
  <folder>data</folder>
  <filename>024</filename>
  <path>C:\Users\lenovo\Desktop\data\024.jpg</path>
  <source>
    <database>Unknown</database>
  </source>
  <size>
    <width>640</width>
    <height>512</height>
    <depth>1</depth>
  </size>
  <segmented>0</segmented>
  <object>
    <name>car</name>
    <pose>Unspecified</pose>
    <truncated>0</truncated>
    <difficult>0</difficult>
    <bndbox>
      <xmin>2</xmin>
      <ymin>299</ymin>
      <xmax>28</xmax>
      <ymax>325</ymax>
    </bndbox>
  </object>
  <object>
    <name>car</name>
    <pose>Unspecified</pose>
    <truncated>0</truncated>
    <difficult>0</difficult>
    <bndbox>
      <xmin>379</xmin>
      <ymin>287</ymin>
      <xmax>425</xmax>
      <ymax>332</ymax>
    </bndbox>
  </object>
  <object>
    <name>car</name>
    <pose>Unspecified</pose>
    <truncated>0</truncated>
    <difficult>0</difficult>
    <bndbox>
      <xmin>581</xmin>
      <ymin>272</ymin>
      <xmax>630</xmax>
      <ymax>303</ymax>
    </bndbox>
  </object>
  <object>
    <name>car</name>
    <pose>Unspecified</pose>
    <truncated>0</truncated>
    <difficult>0</difficult>
    <bndbox>
      <xmin>574</xmin>
      <ymin>304</ymin>
      <xmax>627</xmax>
      <ymax>333</ymax>
    </bndbox>
  </object>
  <object>
    <name>car</name>
    <pose>Unspecified</pose>
    <truncated>0</truncated>
    <difficult>0</difficult>
    <bndbox>
      <xmin>528</xmin>
      <ymin>334</ymin>
      <xmax>580</xmax>
      <ymax>362</ymax>
    </bndbox>
  </object>
  <object>
    <name>car</name>
    <pose>Unspecified</pose>
    <truncated>0</truncated>
    <difficult>0</difficult>
    <bndbox>
      <xmin>487</xmin>
      <ymin>381</ymin>
      <xmax>536</xmax>
      <ymax>414</ymax>
    </bndbox>
  </object>
  <object>
    <name>car</name>
    <pose>Unspecified</pose>
    <truncated>0</truncated>
    <difficult>0</difficult>
    <bndbox>
      <xmin>574</xmin>
      <ymin>377</ymin>
      <xmax>633</xmax>
      <ymax>410</ymax>
    </bndbox>
  </object>
  <object>
    <name>car</name>
    <pose>Unspecified</pose>
    <truncated>0</truncated>
    <difficult>0</difficult>
    <bndbox>
      <xmin>556</xmin>
      <ymin>411</ymin>
      <xmax>608</xmax>
      <ymax>443</ymax>
    </bndbox>
  </object>
</annotation>
