<annotation>
  <folder>data</folder>
  <filename>027</filename>
  <path>C:\Users\lenovo\Desktop\data\027.jpg</path>
  <source>
    <database>Unknown</database>
  </source>
  <size>
    <width>640</width>
    <height>512</height>
    <depth>1</depth>
  </size>
  <segmented>0</segmented>
  <object>
    <name>car</name>
    <pose>Unspecified</pose>
    <truncated>0</truncated>
    <difficult>0</difficult>
    <bndbox>
      <xmin>24</xmin>
      <ymin>289</ymin>
      <xmax>71</xmax>
      <ymax>316</ymax>
    </bndbox>
  </object>
  <object>
    <name>car</name>
    <pose>Unspecified</pose>
    <truncated>0</truncated>
    <difficult>0</difficult>
    <bndbox>
      <xmin>510</xmin>
      <ymin>313</ymin>
      <xmax>558</xmax>
      <ymax>341</ymax>
    </bndbox>
  </object>
  <object>
    <name>car</name>
    <pose>Unspecified</pose>
    <truncated>0</truncated>
    <difficult>0</difficult>
    <bndbox>
      <xmin>532</xmin>
      <ymin>253</ymin>
      <xmax>579</xmax>
      <ymax>279</ymax>
    </bndbox>
  </object>
  <object>
    <name>car</name>
    <pose>Unspecified</pose>
    <truncated>0</truncated>
    <difficult>0</difficult>
    <bndbox>
      <xmin>566</xmin>
      <ymin>288</ymin>
      <xmax>616</xmax>
      <ymax>315</ymax>
    </bndbox>
  </object>
</annotation>
