<annotation>
  <folder>data</folder>
  <filename>036</filename>
  <path>C:\Users\lenovo\Desktop\data\036.jpg</path>
  <source>
    <database>Unknown</database>
  </source>
  <size>
    <width>640</width>
    <height>512</height>
    <depth>1</depth>
  </size>
  <segmented>0</segmented>
  <object>
    <name>car</name>
    <pose>Unspecified</pose>
    <truncated>0</truncated>
    <difficult>0</difficult>
    <bndbox>
      <xmin>43</xmin>
      <ymin>241</ymin>
      <xmax>87</xmax>
      <ymax>264</ymax>
    </bndbox>
  </object>
  <object>
    <name>car</name>
    <pose>Unspecified</pose>
    <truncated>0</truncated>
    <difficult>0</difficult>
    <bndbox>
      <xmin>97</xmin>
      <ymin>287</ymin>
      <xmax>145</xmax>
      <ymax>309</ymax>
    </bndbox>
  </object>
  <object>
    <name>car</name>
    <pose>Unspecified</pose>
    <truncated>0</truncated>
    <difficult>0</difficult>
    <bndbox>
      <xmin>148</xmin>
      <ymin>314</ymin>
      <xmax>234</xmax>
      <ymax>352</ymax>
    </bndbox>
  </object>
  <object>
    <name>car</name>
    <pose>Unspecified</pose>
    <truncated>0</truncated>
    <difficult>0</difficult>
    <bndbox>
      <xmin>289</xmin>
      <ymin>371</ymin>
      <xmax>325</xmax>
      <ymax>396</ymax>
    </bndbox>
  </object>
  <object>
    <name>car</name>
    <pose>Unspecified</pose>
    <truncated>0</truncated>
    <difficult>0</difficult>
    <bndbox>
      <xmin>208</xmin>
      <ymin>199</ymin>
      <xmax>361</xmax>
      <ymax>251</ymax>
    </bndbox>
  </object>
  <object>
    <name>car</name>
    <pose>Unspecified</pose>
    <truncated>0</truncated>
    <difficult>0</difficult>
    <bndbox>
      <xmin>385</xmin>
      <ymin>157</ymin>
      <xmax>429</xmax>
      <ymax>187</ymax>
    </bndbox>
  </object>
</annotation>
