<annotation>
  <folder>data</folder>
  <filename>044</filename>
  <path>C:\Users\lenovo\Desktop\data\044.jpg</path>
  <source>
    <database>Unknown</database>
  </source>
  <size>
    <width>640</width>
    <height>512</height>
    <depth>1</depth>
  </size>
  <segmented>0</segmented>
  <object>
    <name>car</name>
    <pose>Unspecified</pose>
    <truncated>0</truncated>
    <difficult>0</difficult>
    <bndbox>
      <xmin>2</xmin>
      <ymin>314</ymin>
      <xmax>70</xmax>
      <ymax>344</ymax>
    </bndbox>
  </object>
  <object>
    <name>car</name>
    <pose>Unspecified</pose>
    <truncated>0</truncated>
    <difficult>0</difficult>
    <bndbox>
      <xmin>438</xmin>
      <ymin>333</ymin>
      <xmax>486</xmax>
      <ymax>356</ymax>
    </bndbox>
  </object>
  <object>
    <name>car</name>
    <pose>Unspecified</pose>
    <truncated>0</truncated>
    <difficult>0</difficult>
    <bndbox>
      <xmin>536</xmin>
      <ymin>370</ymin>
      <xmax>618</xmax>
      <ymax>418</ymax>
    </bndbox>
  </object>
  <object>
    <name>car</name>
    <pose>Unspecified</pose>
    <truncated>0</truncated>
    <difficult>0</difficult>
    <bndbox>
      <xmin>371</xmin>
      <ymin>160</ymin>
      <xmax>414</xmax>
      <ymax>193</ymax>
    </bndbox>
  </object>
  <object>
    <name>car</name>
    <pose>Unspecified</pose>
    <truncated>0</truncated>
    <difficult>0</difficult>
    <bndbox>
      <xmin>629</xmin>
      <ymin>360</ymin>
      <xmax>640</xmax>
      <ymax>379</ymax>
    </bndbox>
  </object>
</annotation>
