<annotation>
  <folder>data</folder>
  <filename>060</filename>
  <path>C:\Users\lenovo\Desktop\data\060.jpg</path>
  <source>
    <database>Unknown</database>
  </source>
  <size>
    <width>640</width>
    <height>512</height>
    <depth>1</depth>
  </size>
  <segmented>0</segmented>
  <object>
    <name>car</name>
    <pose>Unspecified</pose>
    <truncated>0</truncated>
    <difficult>0</difficult>
    <bndbox>
      <xmin>31</xmin>
      <ymin>308</ymin>
      <xmax>131</xmax>
      <ymax>351</ymax>
    </bndbox>
  </object>
  <object>
    <name>car</name>
    <pose>Unspecified</pose>
    <truncated>0</truncated>
    <difficult>0</difficult>
    <bndbox>
      <xmin>377</xmin>
      <ymin>162</ymin>
      <xmax>413</xmax>
      <ymax>192</ymax>
    </bndbox>
  </object>
</annotation>
