<annotation>
  <folder>data</folder>
  <filename>061</filename>
  <path>C:\Users\lenovo\Desktop\data\061.jpg</path>
  <source>
    <database>Unknown</database>
  </source>
  <size>
    <width>640</width>
    <height>512</height>
    <depth>1</depth>
  </size>
  <segmented>0</segmented>
  <object>
    <name>car</name>
    <pose>Unspecified</pose>
    <truncated>0</truncated>
    <difficult>0</difficult>
    <bndbox>
      <xmin>375</xmin>
      <ymin>164</ymin>
      <xmax>413</xmax>
      <ymax>193</ymax>
    </bndbox>
  </object>
  <object>
    <name>car</name>
    <pose>Unspecified</pose>
    <truncated>0</truncated>
    <difficult>0</difficult>
    <bndbox>
      <xmin>595</xmin>
      <ymin>288</ymin>
      <xmax>640</xmax>
      <ymax>314</ymax>
    </bndbox>
  </object>
</annotation>
