<annotation>
  <folder>data</folder>
  <filename>062</filename>
  <path>C:\Users\lenovo\Desktop\data\062.jpg</path>
  <source>
    <database>Unknown</database>
  </source>
  <size>
    <width>640</width>
    <height>512</height>
    <depth>1</depth>
  </size>
  <segmented>0</segmented>
  <object>
    <name>car</name>
    <pose>Unspecified</pose>
    <truncated>0</truncated>
    <difficult>0</difficult>
    <bndbox>
      <xmin>369</xmin>
      <ymin>162</ymin>
      <xmax>418</xmax>
      <ymax>189</ymax>
    </bndbox>
  </object>
  <object>
    <name>car</name>
    <pose>Unspecified</pose>
    <truncated>0</truncated>
    <difficult>0</difficult>
    <bndbox>
      <xmin>499</xmin>
      <ymin>374</ymin>
      <xmax>589</xmax>
      <ymax>424</ymax>
    </bndbox>
  </object>
</annotation>
