<annotation>
  <folder>data</folder>
  <filename>063</filename>
  <path>C:\Users\lenovo\Desktop\data\063.jpg</path>
  <source>
    <database>Unknown</database>
  </source>
  <size>
    <width>640</width>
    <height>512</height>
    <depth>1</depth>
  </size>
  <segmented>0</segmented>
  <object>
    <name>car</name>
    <pose>Unspecified</pose>
    <truncated>0</truncated>
    <difficult>0</difficult>
    <bndbox>
      <xmin>378</xmin>
      <ymin>161</ymin>
      <xmax>413</xmax>
      <ymax>195</ymax>
    </bndbox>
  </object>
  <object>
    <name>car</name>
    <pose>Unspecified</pose>
    <truncated>0</truncated>
    <difficult>0</difficult>
    <bndbox>
      <xmin>587</xmin>
      <ymin>284</ymin>
      <xmax>640</xmax>
      <ymax>313</ymax>
    </bndbox>
  </object>
</annotation>
