<annotation>
  <folder>data</folder>
  <filename>067</filename>
  <path>C:\Users\lenovo\Desktop\data\067.jpg</path>
  <source>
    <database>Unknown</database>
  </source>
  <size>
    <width>640</width>
    <height>512</height>
    <depth>1</depth>
  </size>
  <segmented>0</segmented>
  <object>
    <name>car</name>
    <pose>Unspecified</pose>
    <truncated>0</truncated>
    <difficult>0</difficult>
    <bndbox>
      <xmin>434</xmin>
      <ymin>336</ymin>
      <xmax>523</xmax>
      <ymax>386</ymax>
    </bndbox>
  </object>
  <object>
    <name>car</name>
    <pose>Unspecified</pose>
    <truncated>0</truncated>
    <difficult>0</difficult>
    <bndbox>
      <xmin>375</xmin>
      <ymin>165</ymin>
      <xmax>412</xmax>
      <ymax>192</ymax>
    </bndbox>
  </object>
  <object>
    <name>car</name>
    <pose>Unspecified</pose>
    <truncated>0</truncated>
    <difficult>0</difficult>
    <bndbox>
      <xmin>504</xmin>
      <ymin>85</ymin>
      <xmax>547</xmax>
      <ymax>120</ymax>
    </bndbox>
  </object>
  <object>
    <name>car</name>
    <pose>Unspecified</pose>
    <truncated>0</truncated>
    <difficult>0</difficult>
    <bndbox>
      <xmin>569</xmin>
      <ymin>256</ymin>
      <xmax>606</xmax>
      <ymax>280</ymax>
    </bndbox>
  </object>
  <object>
    <name>car</name>
    <pose>Unspecified</pose>
    <truncated>0</truncated>
    <difficult>0</difficult>
    <bndbox>
      <xmin>565</xmin>
      <ymin>283</ymin>
      <xmax>617</xmax>
      <ymax>310</ymax>
    </bndbox>
  </object>
</annotation>
