<annotation>
  <folder>data</folder>
  <filename>117</filename>
  <path>C:\Users\lenovo\Desktop\data\117.jpg</path>
  <source>
    <database>Unknown</database>
  </source>
  <size>
    <width>640</width>
    <height>512</height>
    <depth>1</depth>
  </size>
  <segmented>0</segmented>
  <object>
    <name>car</name>
    <pose>Unspecified</pose>
    <truncated>0</truncated>
    <difficult>0</difficult>
    <bndbox>
      <xmin>1</xmin>
      <ymin>356</ymin>
      <xmax>80</xmax>
      <ymax>394</ymax>
    </bndbox>
  </object>
  <object>
    <name>car</name>
    <pose>Unspecified</pose>
    <truncated>0</truncated>
    <difficult>0</difficult>
    <bndbox>
      <xmin>74</xmin>
      <ymin>174</ymin>
      <xmax>117</xmax>
      <ymax>211</ymax>
    </bndbox>
  </object>
  <object>
    <name>car</name>
    <pose>Unspecified</pose>
    <truncated>0</truncated>
    <difficult>0</difficult>
    <bndbox>
      <xmin>519</xmin>
      <ymin>360</ymin>
      <xmax>562</xmax>
      <ymax>391</ymax>
    </bndbox>
  </object>
  <object>
    <name>car</name>
    <pose>Unspecified</pose>
    <truncated>0</truncated>
    <difficult>0</difficult>
    <bndbox>
      <xmin>420</xmin>
      <ymin>459</ymin>
      <xmax>507</xmax>
      <ymax>505</ymax>
    </bndbox>
  </object>
  <object>
    <name>car</name>
    <pose>Unspecified</pose>
    <truncated>0</truncated>
    <difficult>0</difficult>
    <bndbox>
      <xmin>499</xmin>
      <ymin>443</ymin>
      <xmax>572</xmax>
      <ymax>479</ymax>
    </bndbox>
  </object>
  <object>
    <name>car</name>
    <pose>Unspecified</pose>
    <truncated>0</truncated>
    <difficult>0</difficult>
    <bndbox>
      <xmin>106</xmin>
      <ymin>26</ymin>
      <xmax>146</xmax>
      <ymax>57</ymax>
    </bndbox>
  </object>
</annotation>
