<annotation>
  <folder>data</folder>
  <filename>122</filename>
  <path>C:\Users\lenovo\Desktop\data\122.jpg</path>
  <source>
    <database>Unknown</database>
  </source>
  <size>
    <width>640</width>
    <height>512</height>
    <depth>1</depth>
  </size>
  <segmented>0</segmented>
  <object>
    <name>car</name>
    <pose>Unspecified</pose>
    <truncated>0</truncated>
    <difficult>0</difficult>
    <bndbox>
      <xmin>429</xmin>
      <ymin>319</ymin>
      <xmax>474</xmax>
      <ymax>345</ymax>
    </bndbox>
  </object>
  <object>
    <name>car</name>
    <pose>Unspecified</pose>
    <truncated>0</truncated>
    <difficult>0</difficult>
    <bndbox>
      <xmin>413</xmin>
      <ymin>384</ymin>
      <xmax>484</xmax>
      <ymax>423</ymax>
    </bndbox>
  </object>
  <object>
    <name>car</name>
    <pose>Unspecified</pose>
    <truncated>0</truncated>
    <difficult>0</difficult>
    <bndbox>
      <xmin>586</xmin>
      <ymin>322</ymin>
      <xmax>628</xmax>
      <ymax>346</ymax>
    </bndbox>
  </object>
  <object>
    <name>car</name>
    <pose>Unspecified</pose>
    <truncated>0</truncated>
    <difficult>0</difficult>
    <bndbox>
      <xmin>56</xmin>
      <ymin>328</ymin>
      <xmax>144</xmax>
      <ymax>367</ymax>
    </bndbox>
  </object>
  <object>
    <name>car</name>
    <pose>Unspecified</pose>
    <truncated>0</truncated>
    <difficult>0</difficult>
    <bndbox>
      <xmin>94</xmin>
      <ymin>379</ymin>
      <xmax>208</xmax>
      <ymax>422</ymax>
    </bndbox>
  </object>
  <object>
    <name>car</name>
    <pose>Unspecified</pose>
    <truncated>0</truncated>
    <difficult>0</difficult>
    <bndbox>
      <xmin>176</xmin>
      <ymin>45</ymin>
      <xmax>200</xmax>
      <ymax>94</ymax>
    </bndbox>
  </object>
  <object>
    <name>car</name>
    <pose>Unspecified</pose>
    <truncated>0</truncated>
    <difficult>0</difficult>
    <bndbox>
      <xmin>269</xmin>
      <ymin>29</ymin>
      <xmax>308</xmax>
      <ymax>58</ymax>
    </bndbox>
  </object>
</annotation>
