<annotation>
  <folder>data</folder>
  <filename>124</filename>
  <path>C:\Users\lenovo\Desktop\data\124.jpg</path>
  <source>
    <database>Unknown</database>
  </source>
  <size>
    <width>640</width>
    <height>512</height>
    <depth>1</depth>
  </size>
  <segmented>0</segmented>
  <object>
    <name>car</name>
    <pose>Unspecified</pose>
    <truncated>0</truncated>
    <difficult>0</difficult>
    <bndbox>
      <xmin>242</xmin>
      <ymin>35</ymin>
      <xmax>268</xmax>
      <ymax>82</ymax>
    </bndbox>
  </object>
  <object>
    <name>car</name>
    <pose>Unspecified</pose>
    <truncated>0</truncated>
    <difficult>0</difficult>
    <bndbox>
      <xmin>320</xmin>
      <ymin>91</ymin>
      <xmax>357</xmax>
      <ymax>119</ymax>
    </bndbox>
  </object>
  <object>
    <name>car</name>
    <pose>Unspecified</pose>
    <truncated>0</truncated>
    <difficult>0</difficult>
    <bndbox>
      <xmin>310</xmin>
      <ymin>343</ymin>
      <xmax>355</xmax>
      <ymax>367</ymax>
    </bndbox>
  </object>
  <object>
    <name>car</name>
    <pose>Unspecified</pose>
    <truncated>0</truncated>
    <difficult>0</difficult>
    <bndbox>
      <xmin>478</xmin>
      <ymin>340</ymin>
      <xmax>516</xmax>
      <ymax>365</ymax>
    </bndbox>
  </object>
  <object>
    <name>car</name>
    <pose>Unspecified</pose>
    <truncated>0</truncated>
    <difficult>0</difficult>
    <bndbox>
      <xmin>290</xmin>
      <ymin>406</ymin>
      <xmax>368</xmax>
      <ymax>447</ymax>
    </bndbox>
  </object>
  <object>
    <name>car</name>
    <pose>Unspecified</pose>
    <truncated>0</truncated>
    <difficult>0</difficult>
    <bndbox>
      <xmin>331</xmin>
      <ymin>461</ymin>
      <xmax>434</xmax>
      <ymax>508</ymax>
    </bndbox>
  </object>
</annotation>
