<annotation>
  <folder>data</folder>
  <filename>127</filename>
  <path>C:\Users\lenovo\Desktop\data\127.jpg</path>
  <source>
    <database>Unknown</database>
  </source>
  <size>
    <width>640</width>
    <height>512</height>
    <depth>1</depth>
  </size>
  <segmented>0</segmented>
  <object>
    <name>car</name>
    <pose>Unspecified</pose>
    <truncated>0</truncated>
    <difficult>0</difficult>
    <bndbox>
      <xmin>84</xmin>
      <ymin>372</ymin>
      <xmax>133</xmax>
      <ymax>395</ymax>
    </bndbox>
  </object>
  <object>
    <name>car</name>
    <pose>Unspecified</pose>
    <truncated>0</truncated>
    <difficult>0</difficult>
    <bndbox>
      <xmin>545</xmin>
      <ymin>425</ymin>
      <xmax>585</xmax>
      <ymax>446</ymax>
    </bndbox>
  </object>
  <object>
    <name>car</name>
    <pose>Unspecified</pose>
    <truncated>0</truncated>
    <difficult>0</difficult>
    <bndbox>
      <xmin>335</xmin>
      <ymin>318</ymin>
      <xmax>374</xmax>
      <ymax>348</ymax>
    </bndbox>
  </object>
  <object>
    <name>car</name>
    <pose>Unspecified</pose>
    <truncated>0</truncated>
    <difficult>0</difficult>
    <bndbox>
      <xmin>302</xmin>
      <ymin>78</ymin>
      <xmax>348</xmax>
      <ymax>110</ymax>
    </bndbox>
  </object>
  <object>
    <name>car</name>
    <pose>Unspecified</pose>
    <truncated>0</truncated>
    <difficult>0</difficult>
    <bndbox>
      <xmin>354</xmin>
      <ymin>161</ymin>
      <xmax>389</xmax>
      <ymax>194</ymax>
    </bndbox>
  </object>
</annotation>
