<annotation>
  <folder>data</folder>
  <filename>135</filename>
  <path>C:\Users\lenovo\Desktop\data\135.jpg</path>
  <source>
    <database>Unknown</database>
  </source>
  <size>
    <width>640</width>
    <height>512</height>
    <depth>1</depth>
  </size>
  <segmented>0</segmented>
  <object>
    <name>car</name>
    <pose>Unspecified</pose>
    <truncated>0</truncated>
    <difficult>0</difficult>
    <bndbox>
      <xmin>350</xmin>
      <ymin>468</ymin>
      <xmax>392</xmax>
      <ymax>490</ymax>
    </bndbox>
  </object>
  <object>
    <name>car</name>
    <pose>Unspecified</pose>
    <truncated>0</truncated>
    <difficult>0</difficult>
    <bndbox>
      <xmin>365</xmin>
      <ymin>189</ymin>
      <xmax>407</xmax>
      <ymax>218</ymax>
    </bndbox>
  </object>
  <object>
    <name>car</name>
    <pose>Unspecified</pose>
    <truncated>0</truncated>
    <difficult>0</difficult>
    <bndbox>
      <xmin>423</xmin>
      <ymin>201</ymin>
      <xmax>451</xmax>
      <ymax>239</ymax>
    </bndbox>
  </object>
  <object>
    <name>car</name>
    <pose>Unspecified</pose>
    <truncated>0</truncated>
    <difficult>0</difficult>
    <bndbox>
      <xmin>493</xmin>
      <ymin>245</ymin>
      <xmax>535</xmax>
      <ymax>274</ymax>
    </bndbox>
  </object>
</annotation>
