<annotation>
  <folder>data</folder>
  <filename>138</filename>
  <path>C:\Users\lenovo\Desktop\data\138.jpg</path>
  <source>
    <database>Unknown</database>
  </source>
  <size>
    <width>640</width>
    <height>512</height>
    <depth>1</depth>
  </size>
  <segmented>0</segmented>
  <object>
    <name>car</name>
    <pose>Unspecified</pose>
    <truncated>0</truncated>
    <difficult>0</difficult>
    <bndbox>
      <xmin>330</xmin>
      <ymin>479</ymin>
      <xmax>373</xmax>
      <ymax>502</ymax>
    </bndbox>
  </object>
  <object>
    <name>car</name>
    <pose>Unspecified</pose>
    <truncated>0</truncated>
    <difficult>0</difficult>
    <bndbox>
      <xmin>370</xmin>
      <ymin>238</ymin>
      <xmax>395</xmax>
      <ymax>279</ymax>
    </bndbox>
  </object>
  <object>
    <name>car</name>
    <pose>Unspecified</pose>
    <truncated>0</truncated>
    <difficult>0</difficult>
    <bndbox>
      <xmin>453</xmin>
      <ymin>252</ymin>
      <xmax>496</xmax>
      <ymax>283</ymax>
    </bndbox>
  </object>
  <object>
    <name>car</name>
    <pose>Unspecified</pose>
    <truncated>0</truncated>
    <difficult>0</difficult>
    <bndbox>
      <xmin>373</xmin>
      <ymin>167</ymin>
      <xmax>414</xmax>
      <ymax>199</ymax>
    </bndbox>
  </object>
  <object>
    <name>car</name>
    <pose>Unspecified</pose>
    <truncated>0</truncated>
    <difficult>0</difficult>
    <bndbox>
      <xmin>541</xmin>
      <ymin>82</ymin>
      <xmax>585</xmax>
      <ymax>114</ymax>
    </bndbox>
  </object>
</annotation>
