<annotation>
  <folder>data</folder>
  <filename>143</filename>
  <path>C:\Users\lenovo\Desktop\data\143.jpg</path>
  <source>
    <database>Unknown</database>
  </source>
  <size>
    <width>640</width>
    <height>512</height>
    <depth>1</depth>
  </size>
  <segmented>0</segmented>
  <object>
    <name>car</name>
    <pose>Unspecified</pose>
    <truncated>0</truncated>
    <difficult>0</difficult>
    <bndbox>
      <xmin>217</xmin>
      <ymin>399</ymin>
      <xmax>262</xmax>
      <ymax>420</ymax>
    </bndbox>
  </object>
  <object>
    <name>car</name>
    <pose>Unspecified</pose>
    <truncated>0</truncated>
    <difficult>0</difficult>
    <bndbox>
      <xmin>267</xmin>
      <ymin>416</ymin>
      <xmax>325</xmax>
      <ymax>449</ymax>
    </bndbox>
  </object>
  <object>
    <name>car</name>
    <pose>Unspecified</pose>
    <truncated>0</truncated>
    <difficult>0</difficult>
    <bndbox>
      <xmin>504</xmin>
      <ymin>310</ymin>
      <xmax>545</xmax>
      <ymax>345</ymax>
    </bndbox>
  </object>
</annotation>
