<annotation>
  <folder>data</folder>
  <filename>145</filename>
  <path>C:\Users\lenovo\Desktop\data\145.jpg</path>
  <source>
    <database>Unknown</database>
  </source>
  <size>
    <width>640</width>
    <height>512</height>
    <depth>1</depth>
  </size>
  <segmented>0</segmented>
  <object>
    <name>car</name>
    <pose>Unspecified</pose>
    <truncated>0</truncated>
    <difficult>0</difficult>
    <bndbox>
      <xmin>62</xmin>
      <ymin>413</ymin>
      <xmax>106</xmax>
      <ymax>435</ymax>
    </bndbox>
  </object>
  <object>
    <name>car</name>
    <pose>Unspecified</pose>
    <truncated>0</truncated>
    <difficult>0</difficult>
    <bndbox>
      <xmin>116</xmin>
      <ymin>434</ymin>
      <xmax>177</xmax>
      <ymax>462</ymax>
    </bndbox>
  </object>
  <object>
    <name>car</name>
    <pose>Unspecified</pose>
    <truncated>0</truncated>
    <difficult>0</difficult>
    <bndbox>
      <xmin>462</xmin>
      <ymin>306</ymin>
      <xmax>504</xmax>
      <ymax>339</ymax>
    </bndbox>
  </object>
</annotation>
