<annotation>
  <folder>data</folder>
  <filename>147</filename>
  <path>C:\Users\lenovo\Desktop\data\147.jpg</path>
  <source>
    <database>Unknown</database>
  </source>
  <size>
    <width>640</width>
    <height>512</height>
    <depth>1</depth>
  </size>
  <segmented>0</segmented>
  <object>
    <name>car</name>
    <pose>Unspecified</pose>
    <truncated>0</truncated>
    <difficult>0</difficult>
    <bndbox>
      <xmin>46</xmin>
      <ymin>366</ymin>
      <xmax>87</xmax>
      <ymax>388</ymax>
    </bndbox>
  </object>
  <object>
    <name>car</name>
    <pose>Unspecified</pose>
    <truncated>0</truncated>
    <difficult>0</difficult>
    <bndbox>
      <xmin>416</xmin>
      <ymin>327</ymin>
      <xmax>457</xmax>
      <ymax>354</ymax>
    </bndbox>
  </object>
  <object>
    <name>car</name>
    <pose>Unspecified</pose>
    <truncated>0</truncated>
    <difficult>0</difficult>
    <bndbox>
      <xmin>492</xmin>
      <ymin>315</ymin>
      <xmax>556</xmax>
      <ymax>361</ymax>
    </bndbox>
  </object>
  <object>
    <name>car</name>
    <pose>Unspecified</pose>
    <truncated>0</truncated>
    <difficult>0</difficult>
    <bndbox>
      <xmin>581</xmin>
      <ymin>250</ymin>
      <xmax>625</xmax>
      <ymax>286</ymax>
    </bndbox>
  </object>
</annotation>
