<annotation>
  <folder>data</folder>
  <filename>149</filename>
  <path>C:\Users\lenovo\Desktop\data\149.jpg</path>
  <source>
    <database>Unknown</database>
  </source>
  <size>
    <width>640</width>
    <height>512</height>
    <depth>1</depth>
  </size>
  <segmented>0</segmented>
  <object>
    <name>car</name>
    <pose>Unspecified</pose>
    <truncated>0</truncated>
    <difficult>0</difficult>
    <bndbox>
      <xmin>48</xmin>
      <ymin>367</ymin>
      <xmax>89</xmax>
      <ymax>386</ymax>
    </bndbox>
  </object>
  <object>
    <name>car</name>
    <pose>Unspecified</pose>
    <truncated>0</truncated>
    <difficult>0</difficult>
    <bndbox>
      <xmin>404</xmin>
      <ymin>330</ymin>
      <xmax>451</xmax>
      <ymax>352</ymax>
    </bndbox>
  </object>
  <object>
    <name>car</name>
    <pose>Unspecified</pose>
    <truncated>0</truncated>
    <difficult>0</difficult>
    <bndbox>
      <xmin>486</xmin>
      <ymin>332</ymin>
      <xmax>545</xmax>
      <ymax>362</ymax>
    </bndbox>
  </object>
  <object>
    <name>car</name>
    <pose>Unspecified</pose>
    <truncated>0</truncated>
    <difficult>0</difficult>
    <bndbox>
      <xmin>586</xmin>
      <ymin>256</ymin>
      <xmax>624</xmax>
      <ymax>288</ymax>
    </bndbox>
  </object>
  <object>
    <name>car</name>
    <pose>Unspecified</pose>
    <truncated>0</truncated>
    <difficult>0</difficult>
    <bndbox>
      <xmin>1</xmin>
      <ymin>392</ymin>
      <xmax>14</xmax>
      <ymax>424</ymax>
    </bndbox>
  </object>
</annotation>
