<annotation>
  <folder>data</folder>
  <filename>150</filename>
  <path>C:\Users\lenovo\Desktop\data\150.jpg</path>
  <source>
    <database>Unknown</database>
  </source>
  <size>
    <width>640</width>
    <height>512</height>
    <depth>1</depth>
  </size>
  <segmented>0</segmented>
  <object>
    <name>car</name>
    <pose>Unspecified</pose>
    <truncated>0</truncated>
    <difficult>0</difficult>
    <bndbox>
      <xmin>21</xmin>
      <ymin>357</ymin>
      <xmax>59</xmax>
      <ymax>380</ymax>
    </bndbox>
  </object>
  <object>
    <name>car</name>
    <pose>Unspecified</pose>
    <truncated>0</truncated>
    <difficult>0</difficult>
    <bndbox>
      <xmin>539</xmin>
      <ymin>285</ymin>
      <xmax>586</xmax>
      <ymax>313</ymax>
    </bndbox>
  </object>
  <object>
    <name>car</name>
    <pose>Unspecified</pose>
    <truncated>0</truncated>
    <difficult>0</difficult>
    <bndbox>
      <xmin>556</xmin>
      <ymin>243</ymin>
      <xmax>595</xmax>
      <ymax>275</ymax>
    </bndbox>
  </object>
</annotation>
