<annotation>
  <folder>data</folder>
  <filename>152</filename>
  <path>C:\Users\lenovo\Desktop\data\152.jpg</path>
  <source>
    <database>Unknown</database>
  </source>
  <size>
    <width>640</width>
    <height>512</height>
    <depth>1</depth>
  </size>
  <segmented>0</segmented>
  <object>
    <name>car</name>
    <pose>Unspecified</pose>
    <truncated>0</truncated>
    <difficult>0</difficult>
    <bndbox>
      <xmin>23</xmin>
      <ymin>358</ymin>
      <xmax>69</xmax>
      <ymax>383</ymax>
    </bndbox>
  </object>
  <object>
    <name>car</name>
    <pose>Unspecified</pose>
    <truncated>0</truncated>
    <difficult>0</difficult>
    <bndbox>
      <xmin>471</xmin>
      <ymin>311</ymin>
      <xmax>514</xmax>
      <ymax>335</ymax>
    </bndbox>
  </object>
  <object>
    <name>car</name>
    <pose>Unspecified</pose>
    <truncated>0</truncated>
    <difficult>0</difficult>
    <bndbox>
      <xmin>556</xmin>
      <ymin>289</ymin>
      <xmax>620</xmax>
      <ymax>329</ymax>
    </bndbox>
  </object>
  <object>
    <name>car</name>
    <pose>Unspecified</pose>
    <truncated>0</truncated>
    <difficult>0</difficult>
    <bndbox>
      <xmin>563</xmin>
      <ymin>247</ymin>
      <xmax>606</xmax>
      <ymax>281</ymax>
    </bndbox>
  </object>
</annotation>
