<annotation>
  <folder>data</folder>
  <filename>161</filename>
  <path>C:\Users\lenovo\Desktop\data\161.jpg</path>
  <source>
    <database>Unknown</database>
  </source>
  <size>
    <width>640</width>
    <height>512</height>
    <depth>1</depth>
  </size>
  <segmented>0</segmented>
  <object>
    <name>car</name>
    <pose>Unspecified</pose>
    <truncated>0</truncated>
    <difficult>0</difficult>
    <bndbox>
      <xmin>11</xmin>
      <ymin>270</ymin>
      <xmax>55</xmax>
      <ymax>290</ymax>
    </bndbox>
  </object>
  <object>
    <name>car</name>
    <pose>Unspecified</pose>
    <truncated>0</truncated>
    <difficult>0</difficult>
    <bndbox>
      <xmin>182</xmin>
      <ymin>402</ymin>
      <xmax>228</xmax>
      <ymax>433</ymax>
    </bndbox>
  </object>
  <object>
    <name>car</name>
    <pose>Unspecified</pose>
    <truncated>0</truncated>
    <difficult>0</difficult>
    <bndbox>
      <xmin>423</xmin>
      <ymin>201</ymin>
      <xmax>471</xmax>
      <ymax>234</ymax>
    </bndbox>
  </object>
  <object>
    <name>car</name>
    <pose>Unspecified</pose>
    <truncated>0</truncated>
    <difficult>0</difficult>
    <bndbox>
      <xmin>526</xmin>
      <ymin>132</ymin>
      <xmax>571</xmax>
      <ymax>159</ymax>
    </bndbox>
  </object>
</annotation>
