<annotation>
  <folder>data</folder>
  <filename>165</filename>
  <path>C:\Users\lenovo\Desktop\data\165.jpg</path>
  <source>
    <database>Unknown</database>
  </source>
  <size>
    <width>640</width>
    <height>512</height>
    <depth>1</depth>
  </size>
  <segmented>0</segmented>
  <object>
    <name>car</name>
    <pose>Unspecified</pose>
    <truncated>0</truncated>
    <difficult>0</difficult>
    <bndbox>
      <xmin>310</xmin>
      <ymin>155</ymin>
      <xmax>350</xmax>
      <ymax>173</ymax>
    </bndbox>
  </object>
  <object>
    <name>car</name>
    <pose>Unspecified</pose>
    <truncated>0</truncated>
    <difficult>0</difficult>
    <bndbox>
      <xmin>231</xmin>
      <ymin>290</ymin>
      <xmax>270</xmax>
      <ymax>323</ymax>
    </bndbox>
  </object>
  <object>
    <name>car</name>
    <pose>Unspecified</pose>
    <truncated>0</truncated>
    <difficult>0</difficult>
    <bndbox>
      <xmin>255</xmin>
      <ymin>313</ymin>
      <xmax>301</xmax>
      <ymax>345</ymax>
    </bndbox>
  </object>
</annotation>
