<annotation>
  <folder>data</folder>
  <filename>174</filename>
  <path>C:\Users\lenovo\Desktop\data\174.jpg</path>
  <source>
    <database>Unknown</database>
  </source>
  <size>
    <width>640</width>
    <height>512</height>
    <depth>1</depth>
  </size>
  <segmented>0</segmented>
  <object>
    <name>car</name>
    <pose>Unspecified</pose>
    <truncated>0</truncated>
    <difficult>0</difficult>
    <bndbox>
      <xmin>439</xmin>
      <ymin>13</ymin>
      <xmax>464</xmax>
      <ymax>58</ymax>
    </bndbox>
  </object>
  <object>
    <name>car</name>
    <pose>Unspecified</pose>
    <truncated>0</truncated>
    <difficult>0</difficult>
    <bndbox>
      <xmin>513</xmin>
      <ymin>173</ymin>
      <xmax>584</xmax>
      <ymax>214</ymax>
    </bndbox>
  </object>
</annotation>
