<annotation>
  <folder>data</folder>
  <filename>176</filename>
  <path>C:\Users\lenovo\Desktop\data\176.jpg</path>
  <source>
    <database>Unknown</database>
  </source>
  <size>
    <width>640</width>
    <height>512</height>
    <depth>1</depth>
  </size>
  <segmented>0</segmented>
  <object>
    <name>car</name>
    <pose>Unspecified</pose>
    <truncated>0</truncated>
    <difficult>0</difficult>
    <bndbox>
      <xmin>570</xmin>
      <ymin>45</ymin>
      <xmax>615</xmax>
      <ymax>78</ymax>
    </bndbox>
  </object>
</annotation>
