<annotation>
  <folder>data</folder>
  <filename>213</filename>
  <path>C:\Users\vision\Desktop\data\213.jpg</path>
  <source>
    <database>Unknown</database>
  </source>
  <size>
    <width>640</width>
    <height>512</height>
    <depth>1</depth>
  </size>
  <segmented>0</segmented>
  <object>
    <name>car</name>
    <pose>Unspecified</pose>
    <truncated>0</truncated>
    <difficult>0</difficult>
    <bndbox>
      <xmin>468</xmin>
      <ymin>2</ymin>
      <xmax>505</xmax>
      <ymax>17</ymax>
    </bndbox>
  </object>
  <object>
    <name>car</name>
    <pose>Unspecified</pose>
    <truncated>0</truncated>
    <difficult>0</difficult>
    <bndbox>
      <xmin>382</xmin>
      <ymin>37</ymin>
      <xmax>432</xmax>
      <ymax>72</ymax>
    </bndbox>
  </object>
  <object>
    <name>car</name>
    <pose>Unspecified</pose>
    <truncated>0</truncated>
    <difficult>0</difficult>
    <bndbox>
      <xmin>324</xmin>
      <ymin>76</ymin>
      <xmax>370</xmax>
      <ymax>109</ymax>
    </bndbox>
  </object>
  <object>
    <name>car</name>
    <pose>Unspecified</pose>
    <truncated>0</truncated>
    <difficult>0</difficult>
    <bndbox>
      <xmin>273</xmin>
      <ymin>109</ymin>
      <xmax>323</xmax>
      <ymax>142</ymax>
    </bndbox>
  </object>
  <object>
    <name>car</name>
    <pose>Unspecified</pose>
    <truncated>0</truncated>
    <difficult>0</difficult>
    <bndbox>
      <xmin>24</xmin>
      <ymin>261</ymin>
      <xmax>73</xmax>
      <ymax>287</ymax>
    </bndbox>
  </object>
  <object>
    <name>car</name>
    <pose>Unspecified</pose>
    <truncated>0</truncated>
    <difficult>0</difficult>
    <bndbox>
      <xmin>1</xmin>
      <ymin>357</ymin>
      <xmax>42</xmax>
      <ymax>381</ymax>
    </bndbox>
  </object>
  <object>
    <name>car</name>
    <pose>Unspecified</pose>
    <truncated>0</truncated>
    <difficult>0</difficult>
    <bndbox>
      <xmin>409</xmin>
      <ymin>193</ymin>
      <xmax>462</xmax>
      <ymax>219</ymax>
    </bndbox>
  </object>
  <object>
    <name>car</name>
    <pose>Unspecified</pose>
    <truncated>0</truncated>
    <difficult>0</difficult>
    <bndbox>
      <xmin>441</xmin>
      <ymin>242</ymin>
      <xmax>564</xmax>
      <ymax>286</ymax>
    </bndbox>
  </object>
  <object>
    <name>car</name>
    <pose>Unspecified</pose>
    <truncated>0</truncated>
    <difficult>0</difficult>
    <bndbox>
      <xmin>540</xmin>
      <ymin>358</ymin>
      <xmax>635</xmax>
      <ymax>407</ymax>
    </bndbox>
  </object>
</annotation>
