<annotation>
  <folder>data</folder>
  <filename>214</filename>
  <path>C:\Users\vision\Desktop\data\214.jpg</path>
  <source>
    <database>Unknown</database>
  </source>
  <size>
    <width>640</width>
    <height>512</height>
    <depth>1</depth>
  </size>
  <segmented>0</segmented>
  <object>
    <name>car</name>
    <pose>Unspecified</pose>
    <truncated>0</truncated>
    <difficult>0</difficult>
    <bndbox>
      <xmin>544</xmin>
      <ymin>1</ymin>
      <xmax>586</xmax>
      <ymax>19</ymax>
    </bndbox>
  </object>
  <object>
    <name>car</name>
    <pose>Unspecified</pose>
    <truncated>0</truncated>
    <difficult>0</difficult>
    <bndbox>
      <xmin>589</xmin>
      <ymin>235</ymin>
      <xmax>633</xmax>
      <ymax>263</ymax>
    </bndbox>
  </object>
  <object>
    <name>car</name>
    <pose>Unspecified</pose>
    <truncated>0</truncated>
    <difficult>0</difficult>
    <bndbox>
      <xmin>585</xmin>
      <ymin>323</ymin>
      <xmax>640</xmax>
      <ymax>362</ymax>
    </bndbox>
  </object>
  <object>
    <name>car</name>
    <pose>Unspecified</pose>
    <truncated>0</truncated>
    <difficult>0</difficult>
    <bndbox>
      <xmin>550</xmin>
      <ymin>355</ymin>
      <xmax>595</xmax>
      <ymax>381</ymax>
    </bndbox>
  </object>
  <object>
    <name>car</name>
    <pose>Unspecified</pose>
    <truncated>0</truncated>
    <difficult>0</difficult>
    <bndbox>
      <xmin>460</xmin>
      <ymin>321</ymin>
      <xmax>511</xmax>
      <ymax>346</ymax>
    </bndbox>
  </object>
  <object>
    <name>car</name>
    <pose>Unspecified</pose>
    <truncated>0</truncated>
    <difficult>0</difficult>
    <bndbox>
      <xmin>190</xmin>
      <ymin>332</ymin>
      <xmax>288</xmax>
      <ymax>379</ymax>
    </bndbox>
  </object>
  <object>
    <name>car</name>
    <pose>Unspecified</pose>
    <truncated>0</truncated>
    <difficult>0</difficult>
    <bndbox>
      <xmin>242</xmin>
      <ymin>31</ymin>
      <xmax>285</xmax>
      <ymax>71</ymax>
    </bndbox>
  </object>
  <object>
    <name>car</name>
    <pose>Unspecified</pose>
    <truncated>0</truncated>
    <difficult>0</difficult>
    <bndbox>
      <xmin>183</xmin>
      <ymin>76</ymin>
      <xmax>233</xmax>
      <ymax>106</ymax>
    </bndbox>
  </object>
  <object>
    <name>car</name>
    <pose>Unspecified</pose>
    <truncated>0</truncated>
    <difficult>0</difficult>
    <bndbox>
      <xmin>130</xmin>
      <ymin>111</ymin>
      <xmax>177</xmax>
      <ymax>144</ymax>
    </bndbox>
  </object>
</annotation>
