<annotation>
  <folder>data</folder>
  <filename>218</filename>
  <path>C:\Users\vision\Desktop\data\218.jpg</path>
  <source>
    <database>Unknown</database>
  </source>
  <size>
    <width>640</width>
    <height>512</height>
    <depth>1</depth>
  </size>
  <segmented>0</segmented>
  <object>
    <name>car</name>
    <pose>Unspecified</pose>
    <truncated>0</truncated>
    <difficult>0</difficult>
    <bndbox>
      <xmin>126</xmin>
      <ymin>132</ymin>
      <xmax>181</xmax>
      <ymax>162</ymax>
    </bndbox>
  </object>
  <object>
    <name>car</name>
    <pose>Unspecified</pose>
    <truncated>0</truncated>
    <difficult>0</difficult>
    <bndbox>
      <xmin>37</xmin>
      <ymin>175</ymin>
      <xmax>180</xmax>
      <ymax>222</ymax>
    </bndbox>
  </object>
  <object>
    <name>car</name>
    <pose>Unspecified</pose>
    <truncated>0</truncated>
    <difficult>0</difficult>
    <bndbox>
      <xmin>465</xmin>
      <ymin>368</ymin>
      <xmax>508</xmax>
      <ymax>391</ymax>
    </bndbox>
  </object>
  <object>
    <name>car</name>
    <pose>Unspecified</pose>
    <truncated>0</truncated>
    <difficult>0</difficult>
    <bndbox>
      <xmin>482</xmin>
      <ymin>111</ymin>
      <xmax>532</xmax>
      <ymax>145</ymax>
    </bndbox>
  </object>
  <object>
    <name>car</name>
    <pose>Unspecified</pose>
    <truncated>0</truncated>
    <difficult>0</difficult>
    <bndbox>
      <xmin>598</xmin>
      <ymin>36</ymin>
      <xmax>640</xmax>
      <ymax>72</ymax>
    </bndbox>
  </object>
  <object>
    <name>car</name>
    <pose>Unspecified</pose>
    <truncated>0</truncated>
    <difficult>0</difficult>
    <bndbox>
      <xmin>537</xmin>
      <ymin>76</ymin>
      <xmax>590</xmax>
      <ymax>115</ymax>
    </bndbox>
  </object>
</annotation>
