<annotation>
  <folder>data</folder>
  <filename>220</filename>
  <path>C:\Users\vision\Desktop\data\220.jpg</path>
  <source>
    <database>Unknown</database>
  </source>
  <size>
    <width>640</width>
    <height>512</height>
    <depth>1</depth>
  </size>
  <segmented>0</segmented>
  <object>
    <name>car</name>
    <pose>Unspecified</pose>
    <truncated>0</truncated>
    <difficult>0</difficult>
    <bndbox>
      <xmin>546</xmin>
      <ymin>35</ymin>
      <xmax>595</xmax>
      <ymax>72</ymax>
    </bndbox>
  </object>
  <object>
    <name>car</name>
    <pose>Unspecified</pose>
    <truncated>0</truncated>
    <difficult>0</difficult>
    <bndbox>
      <xmin>218</xmin>
      <ymin>148</ymin>
      <xmax>269</xmax>
      <ymax>179</ymax>
    </bndbox>
  </object>
  <object>
    <name>car</name>
    <pose>Unspecified</pose>
    <truncated>0</truncated>
    <difficult>0</difficult>
    <bndbox>
      <xmin>177</xmin>
      <ymin>193</ymin>
      <xmax>295</xmax>
      <ymax>234</ymax>
    </bndbox>
  </object>
  <object>
    <name>car</name>
    <pose>Unspecified</pose>
    <truncated>0</truncated>
    <difficult>0</difficult>
    <bndbox>
      <xmin>328</xmin>
      <ymin>356</ymin>
      <xmax>374</xmax>
      <ymax>380</ymax>
    </bndbox>
  </object>
  <object>
    <name>car</name>
    <pose>Unspecified</pose>
    <truncated>0</truncated>
    <difficult>0</difficult>
    <bndbox>
      <xmin>514</xmin>
      <ymin>294</ymin>
      <xmax>562</xmax>
      <ymax>320</ymax>
    </bndbox>
  </object>
  <object>
    <name>car</name>
    <pose>Unspecified</pose>
    <truncated>0</truncated>
    <difficult>0</difficult>
    <bndbox>
      <xmin>429</xmin>
      <ymin>115</ymin>
      <xmax>476</xmax>
      <ymax>146</ymax>
    </bndbox>
  </object>
  <object>
    <name>car</name>
    <pose>Unspecified</pose>
    <truncated>0</truncated>
    <difficult>0</difficult>
    <bndbox>
      <xmin>484</xmin>
      <ymin>77</ymin>
      <xmax>531</xmax>
      <ymax>110</ymax>
    </bndbox>
  </object>
</annotation>
