<annotation>
  <folder>data</folder>
  <filename>223</filename>
  <path>C:\Users\vision\Desktop\data\223.jpg</path>
  <source>
    <database>Unknown</database>
  </source>
  <size>
    <width>640</width>
    <height>512</height>
    <depth>1</depth>
  </size>
  <segmented>0</segmented>
  <object>
    <name>car</name>
    <pose>Unspecified</pose>
    <truncated>0</truncated>
    <difficult>0</difficult>
    <bndbox>
      <xmin>587</xmin>
      <ymin>99</ymin>
      <xmax>634</xmax>
      <ymax>145</ymax>
    </bndbox>
  </object>
  <object>
    <name>car</name>
    <pose>Unspecified</pose>
    <truncated>0</truncated>
    <difficult>0</difficult>
    <bndbox>
      <xmin>2</xmin>
      <ymin>204</ymin>
      <xmax>58</xmax>
      <ymax>234</ymax>
    </bndbox>
  </object>
</annotation>
