<annotation>
  <folder>data</folder>
  <filename>225</filename>
  <path>C:\Users\vision\Desktop\data\225.jpg</path>
  <source>
    <database>Unknown</database>
  </source>
  <size>
    <width>640</width>
    <height>512</height>
    <depth>1</depth>
  </size>
  <segmented>0</segmented>
  <object>
    <name>car</name>
    <pose>Unspecified</pose>
    <truncated>0</truncated>
    <difficult>0</difficult>
    <bndbox>
      <xmin>1</xmin>
      <ymin>198</ymin>
      <xmax>30</xmax>
      <ymax>220</ymax>
    </bndbox>
  </object>
  <object>
    <name>car</name>
    <pose>Unspecified</pose>
    <truncated>0</truncated>
    <difficult>0</difficult>
    <bndbox>
      <xmin>51</xmin>
      <ymin>207</ymin>
      <xmax>108</xmax>
      <ymax>235</ymax>
    </bndbox>
  </object>
</annotation>
