<annotation>
  <folder>data</folder>
  <filename>243</filename>
  <path>C:\Users\vision\Desktop\data\243.jpg</path>
  <source>
    <database>Unknown</database>
  </source>
  <size>
    <width>640</width>
    <height>512</height>
    <depth>1</depth>
  </size>
  <segmented>0</segmented>
  <object>
    <name>car</name>
    <pose>Unspecified</pose>
    <truncated>0</truncated>
    <difficult>0</difficult>
    <bndbox>
      <xmin>347</xmin>
      <ymin>6</ymin>
      <xmax>388</xmax>
      <ymax>40</ymax>
    </bndbox>
  </object>
  <object>
    <name>car</name>
    <pose>Unspecified</pose>
    <truncated>0</truncated>
    <difficult>0</difficult>
    <bndbox>
      <xmin>351</xmin>
      <ymin>45</ymin>
      <xmax>400</xmax>
      <ymax>85</ymax>
    </bndbox>
  </object>
  <object>
    <name>car</name>
    <pose>Unspecified</pose>
    <truncated>0</truncated>
    <difficult>0</difficult>
    <bndbox>
      <xmin>567</xmin>
      <ymin>77</ymin>
      <xmax>621</xmax>
      <ymax>115</ymax>
    </bndbox>
  </object>
  <object>
    <name>car</name>
    <pose>Unspecified</pose>
    <truncated>0</truncated>
    <difficult>0</difficult>
    <bndbox>
      <xmin>9</xmin>
      <ymin>412</ymin>
      <xmax>51</xmax>
      <ymax>449</ymax>
    </bndbox>
  </object>
</annotation>
