<annotation>
  <folder>data</folder>
  <filename>248</filename>
  <path>C:\Users\vision\Desktop\data\248.jpg</path>
  <source>
    <database>Unknown</database>
  </source>
  <size>
    <width>640</width>
    <height>512</height>
    <depth>1</depth>
  </size>
  <segmented>0</segmented>
  <object>
    <name>car</name>
    <pose>Unspecified</pose>
    <truncated>0</truncated>
    <difficult>0</difficult>
    <bndbox>
      <xmin>308</xmin>
      <ymin>246</ymin>
      <xmax>417</xmax>
      <ymax>289</ymax>
    </bndbox>
  </object>
  <object>
    <name>car</name>
    <pose>Unspecified</pose>
    <truncated>0</truncated>
    <difficult>0</difficult>
    <bndbox>
      <xmin>319</xmin>
      <ymin>57</ymin>
      <xmax>361</xmax>
      <ymax>101</ymax>
    </bndbox>
  </object>
  <object>
    <name>car</name>
    <pose>Unspecified</pose>
    <truncated>0</truncated>
    <difficult>0</difficult>
    <bndbox>
      <xmin>366</xmin>
      <ymin>5</ymin>
      <xmax>409</xmax>
      <ymax>40</ymax>
    </bndbox>
  </object>
  <object>
    <name>car</name>
    <pose>Unspecified</pose>
    <truncated>0</truncated>
    <difficult>0</difficult>
    <bndbox>
      <xmin>555</xmin>
      <ymin>114</ymin>
      <xmax>607</xmax>
      <ymax>143</ymax>
    </bndbox>
  </object>
</annotation>
