<annotation>
  <folder>data</folder>
  <filename>262</filename>
  <path>C:\Users\vision\Desktop\data\262.jpg</path>
  <source>
    <database>Unknown</database>
  </source>
  <size>
    <width>640</width>
    <height>512</height>
    <depth>1</depth>
  </size>
  <segmented>0</segmented>
  <object>
    <name>car</name>
    <pose>Unspecified</pose>
    <truncated>0</truncated>
    <difficult>0</difficult>
    <bndbox>
      <xmin>100</xmin>
      <ymin>266</ymin>
      <xmax>151</xmax>
      <ymax>301</ymax>
    </bndbox>
  </object>
  <object>
    <name>car</name>
    <pose>Unspecified</pose>
    <truncated>0</truncated>
    <difficult>0</difficult>
    <bndbox>
      <xmin>16</xmin>
      <ymin>386</ymin>
      <xmax>59</xmax>
      <ymax>417</ymax>
    </bndbox>
  </object>
  <object>
    <name>car</name>
    <pose>Unspecified</pose>
    <truncated>0</truncated>
    <difficult>0</difficult>
    <bndbox>
      <xmin>376</xmin>
      <ymin>1</ymin>
      <xmax>484</xmax>
      <ymax>71</ymax>
    </bndbox>
  </object>
  <object>
    <name>car</name>
    <pose>Unspecified</pose>
    <truncated>0</truncated>
    <difficult>0</difficult>
    <bndbox>
      <xmin>451</xmin>
      <ymin>165</ymin>
      <xmax>502</xmax>
      <ymax>202</ymax>
    </bndbox>
  </object>
  <object>
    <name>car</name>
    <pose>Unspecified</pose>
    <truncated>0</truncated>
    <difficult>0</difficult>
    <bndbox>
      <xmin>601</xmin>
      <ymin>127</ymin>
      <xmax>640</xmax>
      <ymax>157</ymax>
    </bndbox>
  </object>
</annotation>
