<annotation>
  <folder>data</folder>
  <filename>292</filename>
  <path>C:\Users\vision\Desktop\data\292.jpg</path>
  <source>
    <database>Unknown</database>
  </source>
  <size>
    <width>640</width>
    <height>512</height>
    <depth>1</depth>
  </size>
  <segmented>0</segmented>
  <object>
    <name>car</name>
    <pose>Unspecified</pose>
    <truncated>0</truncated>
    <difficult>0</difficult>
    <bndbox>
      <xmin>260</xmin>
      <ymin>15</ymin>
      <xmax>314</xmax>
      <ymax>64</ymax>
    </bndbox>
  </object>
  <object>
    <name>car</name>
    <pose>Unspecified</pose>
    <truncated>0</truncated>
    <difficult>0</difficult>
    <bndbox>
      <xmin>218</xmin>
      <ymin>61</ymin>
      <xmax>259</xmax>
      <ymax>99</ymax>
    </bndbox>
  </object>
  <object>
    <name>car</name>
    <pose>Unspecified</pose>
    <truncated>0</truncated>
    <difficult>0</difficult>
    <bndbox>
      <xmin>9</xmin>
      <ymin>165</ymin>
      <xmax>59</xmax>
      <ymax>188</ymax>
    </bndbox>
  </object>
  <object>
    <name>car</name>
    <pose>Unspecified</pose>
    <truncated>0</truncated>
    <difficult>0</difficult>
    <bndbox>
      <xmin>1</xmin>
      <ymin>269</ymin>
      <xmax>36</xmax>
      <ymax>293</ymax>
    </bndbox>
  </object>
  <object>
    <name>car</name>
    <pose>Unspecified</pose>
    <truncated>0</truncated>
    <difficult>0</difficult>
    <bndbox>
      <xmin>88</xmin>
      <ymin>282</ymin>
      <xmax>135</xmax>
      <ymax>306</ymax>
    </bndbox>
  </object>
  <object>
    <name>car</name>
    <pose>Unspecified</pose>
    <truncated>0</truncated>
    <difficult>0</difficult>
    <bndbox>
      <xmin>162</xmin>
      <ymin>172</ymin>
      <xmax>210</xmax>
      <ymax>195</ymax>
    </bndbox>
  </object>
  <object>
    <name>car</name>
    <pose>Unspecified</pose>
    <truncated>0</truncated>
    <difficult>0</difficult>
    <bndbox>
      <xmin>196</xmin>
      <ymin>199</ymin>
      <xmax>236</xmax>
      <ymax>227</ymax>
    </bndbox>
  </object>
  <object>
    <name>car</name>
    <pose>Unspecified</pose>
    <truncated>0</truncated>
    <difficult>0</difficult>
    <bndbox>
      <xmin>207</xmin>
      <ymin>266</ymin>
      <xmax>298</xmax>
      <ymax>300</ymax>
    </bndbox>
  </object>
  <object>
    <name>car</name>
    <pose>Unspecified</pose>
    <truncated>0</truncated>
    <difficult>0</difficult>
    <bndbox>
      <xmin>538</xmin>
      <ymin>136</ymin>
      <xmax>592</xmax>
      <ymax>160</ymax>
    </bndbox>
  </object>
  <object>
    <name>car</name>
    <pose>Unspecified</pose>
    <truncated>0</truncated>
    <difficult>0</difficult>
    <bndbox>
      <xmin>611</xmin>
      <ymin>290</ymin>
      <xmax>640</xmax>
      <ymax>314</ymax>
    </bndbox>
  </object>
</annotation>
