<annotation>
  <folder>data</folder>
  <filename>332</filename>
  <path>C:\Users\vision\Desktop\data\332.jpg</path>
  <source>
    <database>Unknown</database>
  </source>
  <size>
    <width>640</width>
    <height>512</height>
    <depth>1</depth>
  </size>
  <segmented>0</segmented>
  <object>
    <name>car</name>
    <pose>Unspecified</pose>
    <truncated>0</truncated>
    <difficult>0</difficult>
    <bndbox>
      <xmin>138</xmin>
      <ymin>96</ymin>
      <xmax>179</xmax>
      <ymax>120</ymax>
    </bndbox>
  </object>
  <object>
    <name>car</name>
    <pose>Unspecified</pose>
    <truncated>0</truncated>
    <difficult>0</difficult>
    <bndbox>
      <xmin>94</xmin>
      <ymin>208</ymin>
      <xmax>141</xmax>
      <ymax>237</ymax>
    </bndbox>
  </object>
  <object>
    <name>car</name>
    <pose>Unspecified</pose>
    <truncated>0</truncated>
    <difficult>0</difficult>
    <bndbox>
      <xmin>229</xmin>
      <ymin>141</ymin>
      <xmax>274</xmax>
      <ymax>172</ymax>
    </bndbox>
  </object>
  <object>
    <name>car</name>
    <pose>Unspecified</pose>
    <truncated>0</truncated>
    <difficult>0</difficult>
    <bndbox>
      <xmin>239</xmin>
      <ymin>238</ymin>
      <xmax>284</xmax>
      <ymax>262</ymax>
    </bndbox>
  </object>
  <object>
    <name>car</name>
    <pose>Unspecified</pose>
    <truncated>0</truncated>
    <difficult>0</difficult>
    <bndbox>
      <xmin>440</xmin>
      <ymin>164</ymin>
      <xmax>505</xmax>
      <ymax>198</ymax>
    </bndbox>
  </object>
  <object>
    <name>car</name>
    <pose>Unspecified</pose>
    <truncated>0</truncated>
    <difficult>0</difficult>
    <bndbox>
      <xmin>420</xmin>
      <ymin>193</ymin>
      <xmax>470</xmax>
      <ymax>221</ymax>
    </bndbox>
  </object>
  <object>
    <name>car</name>
    <pose>Unspecified</pose>
    <truncated>0</truncated>
    <difficult>0</difficult>
    <bndbox>
      <xmin>449</xmin>
      <ymin>297</ymin>
      <xmax>498</xmax>
      <ymax>320</ymax>
    </bndbox>
  </object>
  <object>
    <name>car</name>
    <pose>Unspecified</pose>
    <truncated>0</truncated>
    <difficult>0</difficult>
    <bndbox>
      <xmin>431</xmin>
      <ymin>334</ymin>
      <xmax>472</xmax>
      <ymax>360</ymax>
    </bndbox>
  </object>
  <object>
    <name>car</name>
    <pose>Unspecified</pose>
    <truncated>0</truncated>
    <difficult>0</difficult>
    <bndbox>
      <xmin>596</xmin>
      <ymin>200</ymin>
      <xmax>639</xmax>
      <ymax>229</ymax>
    </bndbox>
  </object>
  <object>
    <name>car</name>
    <pose>Unspecified</pose>
    <truncated>0</truncated>
    <difficult>0</difficult>
    <bndbox>
      <xmin>561</xmin>
      <ymin>355</ymin>
      <xmax>599</xmax>
      <ymax>383</ymax>
    </bndbox>
  </object>
</annotation>
