<annotation>
  <folder>data</folder>
  <filename>343</filename>
  <path>C:\Users\vision\Desktop\data\343.jpg</path>
  <source>
    <database>Unknown</database>
  </source>
  <size>
    <width>640</width>
    <height>512</height>
    <depth>1</depth>
  </size>
  <segmented>0</segmented>
  <object>
    <name>car</name>
    <pose>Unspecified</pose>
    <truncated>0</truncated>
    <difficult>0</difficult>
    <bndbox>
      <xmin>5</xmin>
      <ymin>285</ymin>
      <xmax>50</xmax>
      <ymax>312</ymax>
    </bndbox>
  </object>
  <object>
    <name>car</name>
    <pose>Unspecified</pose>
    <truncated>0</truncated>
    <difficult>0</difficult>
    <bndbox>
      <xmin>315</xmin>
      <ymin>282</ymin>
      <xmax>368</xmax>
      <ymax>307</ymax>
    </bndbox>
  </object>
  <object>
    <name>car</name>
    <pose>Unspecified</pose>
    <truncated>0</truncated>
    <difficult>0</difficult>
    <bndbox>
      <xmin>566</xmin>
      <ymin>1</ymin>
      <xmax>608</xmax>
      <ymax>26</ymax>
    </bndbox>
  </object>
  <object>
    <name>car</name>
    <pose>Unspecified</pose>
    <truncated>0</truncated>
    <difficult>0</difficult>
    <bndbox>
      <xmin>488</xmin>
      <ymin>63</ymin>
      <xmax>533</xmax>
      <ymax>106</ymax>
    </bndbox>
  </object>
  <object>
    <name>car</name>
    <pose>Unspecified</pose>
    <truncated>0</truncated>
    <difficult>0</difficult>
    <bndbox>
      <xmin>553</xmin>
      <ymin>125</ymin>
      <xmax>600</xmax>
      <ymax>154</ymax>
    </bndbox>
  </object>
  <object>
    <name>car</name>
    <pose>Unspecified</pose>
    <truncated>0</truncated>
    <difficult>0</difficult>
    <bndbox>
      <xmin>460</xmin>
      <ymin>261</ymin>
      <xmax>513</xmax>
      <ymax>291</ymax>
    </bndbox>
  </object>
</annotation>
