<annotation>
  <folder>data</folder>
  <filename>345</filename>
  <path>C:\Users\vision\Desktop\data\345.jpg</path>
  <source>
    <database>Unknown</database>
  </source>
  <size>
    <width>640</width>
    <height>512</height>
    <depth>1</depth>
  </size>
  <segmented>0</segmented>
  <object>
    <name>car</name>
    <pose>Unspecified</pose>
    <truncated>0</truncated>
    <difficult>0</difficult>
    <bndbox>
      <xmin>3</xmin>
      <ymin>286</ymin>
      <xmax>54</xmax>
      <ymax>313</ymax>
    </bndbox>
  </object>
  <object>
    <name>car</name>
    <pose>Unspecified</pose>
    <truncated>0</truncated>
    <difficult>0</difficult>
    <bndbox>
      <xmin>378</xmin>
      <ymin>272</ymin>
      <xmax>431</xmax>
      <ymax>303</ymax>
    </bndbox>
  </object>
  <object>
    <name>car</name>
    <pose>Unspecified</pose>
    <truncated>0</truncated>
    <difficult>0</difficult>
    <bndbox>
      <xmin>550</xmin>
      <ymin>3</ymin>
      <xmax>603</xmax>
      <ymax>40</ymax>
    </bndbox>
  </object>
  <object>
    <name>car</name>
    <pose>Unspecified</pose>
    <truncated>0</truncated>
    <difficult>0</difficult>
    <bndbox>
      <xmin>486</xmin>
      <ymin>65</ymin>
      <xmax>535</xmax>
      <ymax>103</ymax>
    </bndbox>
  </object>
  <object>
    <name>car</name>
    <pose>Unspecified</pose>
    <truncated>0</truncated>
    <difficult>0</difficult>
    <bndbox>
      <xmin>485</xmin>
      <ymin>133</ymin>
      <xmax>535</xmax>
      <ymax>165</ymax>
    </bndbox>
  </object>
  <object>
    <name>car</name>
    <pose>Unspecified</pose>
    <truncated>0</truncated>
    <difficult>0</difficult>
    <bndbox>
      <xmin>525</xmin>
      <ymin>259</ymin>
      <xmax>580</xmax>
      <ymax>289</ymax>
    </bndbox>
  </object>
</annotation>
