<annotation>
  <folder>data</folder>
  <filename>347</filename>
  <path>C:\Users\vision\Desktop\data\347.jpg</path>
  <source>
    <database>Unknown</database>
  </source>
  <size>
    <width>640</width>
    <height>512</height>
    <depth>1</depth>
  </size>
  <segmented>0</segmented>
  <object>
    <name>car</name>
    <pose>Unspecified</pose>
    <truncated>0</truncated>
    <difficult>0</difficult>
    <bndbox>
      <xmin>53</xmin>
      <ymin>281</ymin>
      <xmax>96</xmax>
      <ymax>303</ymax>
    </bndbox>
  </object>
  <object>
    <name>car</name>
    <pose>Unspecified</pose>
    <truncated>0</truncated>
    <difficult>0</difficult>
    <bndbox>
      <xmin>186</xmin>
      <ymin>246</ymin>
      <xmax>231</xmax>
      <ymax>274</ymax>
    </bndbox>
  </object>
  <object>
    <name>car</name>
    <pose>Unspecified</pose>
    <truncated>0</truncated>
    <difficult>0</difficult>
    <bndbox>
      <xmin>525</xmin>
      <ymin>24</ymin>
      <xmax>574</xmax>
      <ymax>68</ymax>
    </bndbox>
  </object>
  <object>
    <name>car</name>
    <pose>Unspecified</pose>
    <truncated>0</truncated>
    <difficult>0</difficult>
    <bndbox>
      <xmin>488</xmin>
      <ymin>67</ymin>
      <xmax>530</xmax>
      <ymax>108</ymax>
    </bndbox>
  </object>
  <object>
    <name>car</name>
    <pose>Unspecified</pose>
    <truncated>0</truncated>
    <difficult>0</difficult>
    <bndbox>
      <xmin>580</xmin>
      <ymin>198</ymin>
      <xmax>627</xmax>
      <ymax>233</ymax>
    </bndbox>
  </object>
  <object>
    <name>car</name>
    <pose>Unspecified</pose>
    <truncated>0</truncated>
    <difficult>0</difficult>
    <bndbox>
      <xmin>492</xmin>
      <ymin>226</ymin>
      <xmax>535</xmax>
      <ymax>262</ymax>
    </bndbox>
  </object>
</annotation>
