<annotation>
  <folder>data</folder>
  <filename>349</filename>
  <path>C:\Users\vision\Desktop\data\349.jpg</path>
  <source>
    <database>Unknown</database>
  </source>
  <size>
    <width>640</width>
    <height>512</height>
    <depth>1</depth>
  </size>
  <segmented>0</segmented>
  <object>
    <name>car</name>
    <pose>Unspecified</pose>
    <truncated>0</truncated>
    <difficult>0</difficult>
    <bndbox>
      <xmin>1</xmin>
      <ymin>355</ymin>
      <xmax>24</xmax>
      <ymax>386</ymax>
    </bndbox>
  </object>
  <object>
    <name>car</name>
    <pose>Unspecified</pose>
    <truncated>0</truncated>
    <difficult>0</difficult>
    <bndbox>
      <xmin>92</xmin>
      <ymin>276</ymin>
      <xmax>138</xmax>
      <ymax>301</ymax>
    </bndbox>
  </object>
  <object>
    <name>car</name>
    <pose>Unspecified</pose>
    <truncated>0</truncated>
    <difficult>0</difficult>
    <bndbox>
      <xmin>200</xmin>
      <ymin>247</ymin>
      <xmax>244</xmax>
      <ymax>279</ymax>
    </bndbox>
  </object>
  <object>
    <name>car</name>
    <pose>Unspecified</pose>
    <truncated>0</truncated>
    <difficult>0</difficult>
    <bndbox>
      <xmin>369</xmin>
      <ymin>183</ymin>
      <xmax>415</xmax>
      <ymax>216</ymax>
    </bndbox>
  </object>
  <object>
    <name>car</name>
    <pose>Unspecified</pose>
    <truncated>0</truncated>
    <difficult>0</difficult>
    <bndbox>
      <xmin>430</xmin>
      <ymin>248</ymin>
      <xmax>477</xmax>
      <ymax>279</ymax>
    </bndbox>
  </object>
  <object>
    <name>car</name>
    <pose>Unspecified</pose>
    <truncated>0</truncated>
    <difficult>0</difficult>
    <bndbox>
      <xmin>525</xmin>
      <ymin>22</ymin>
      <xmax>577</xmax>
      <ymax>66</ymax>
    </bndbox>
  </object>
  <object>
    <name>car</name>
    <pose>Unspecified</pose>
    <truncated>0</truncated>
    <difficult>0</difficult>
    <bndbox>
      <xmin>493</xmin>
      <ymin>69</ymin>
      <xmax>535</xmax>
      <ymax>106</ymax>
    </bndbox>
  </object>
  <object>
    <name>car</name>
    <pose>Unspecified</pose>
    <truncated>0</truncated>
    <difficult>0</difficult>
    <bndbox>
      <xmin>562</xmin>
      <ymin>205</ymin>
      <xmax>608</xmax>
      <ymax>238</ymax>
    </bndbox>
  </object>
</annotation>
