<annotation>
  <folder>data</folder>
  <filename>359</filename>
  <path>C:\Users\vision\Desktop\data\359.jpg</path>
  <source>
    <database>Unknown</database>
  </source>
  <size>
    <width>640</width>
    <height>512</height>
    <depth>1</depth>
  </size>
  <segmented>0</segmented>
  <object>
    <name>car</name>
    <pose>Unspecified</pose>
    <truncated>0</truncated>
    <difficult>0</difficult>
    <bndbox>
      <xmin>2</xmin>
      <ymin>357</ymin>
      <xmax>23</xmax>
      <ymax>384</ymax>
    </bndbox>
  </object>
  <object>
    <name>car</name>
    <pose>Unspecified</pose>
    <truncated>0</truncated>
    <difficult>0</difficult>
    <bndbox>
      <xmin>253</xmin>
      <ymin>308</ymin>
      <xmax>296</xmax>
      <ymax>346</ymax>
    </bndbox>
  </object>
  <object>
    <name>car</name>
    <pose>Unspecified</pose>
    <truncated>0</truncated>
    <difficult>0</difficult>
    <bndbox>
      <xmin>453</xmin>
      <ymin>122</ymin>
      <xmax>487</xmax>
      <ymax>165</ymax>
    </bndbox>
  </object>
</annotation>
