<annotation>
  <folder>data</folder>
  <filename>361</filename>
  <path>C:\Users\vision\Desktop\data\361.jpg</path>
  <source>
    <database>Unknown</database>
  </source>
  <size>
    <width>640</width>
    <height>512</height>
    <depth>1</depth>
  </size>
  <segmented>0</segmented>
  <object>
    <name>car</name>
    <pose>Unspecified</pose>
    <truncated>0</truncated>
    <difficult>0</difficult>
    <bndbox>
      <xmin>426</xmin>
      <ymin>63</ymin>
      <xmax>479</xmax>
      <ymax>111</ymax>
    </bndbox>
  </object>
</annotation>
