<annotation>
  <folder>data</folder>
  <filename>362</filename>
  <path>C:\Users\vision\Desktop\data\362.jpg</path>
  <source>
    <database>Unknown</database>
  </source>
  <size>
    <width>640</width>
    <height>512</height>
    <depth>1</depth>
  </size>
  <segmented>0</segmented>
  <object>
    <name>car</name>
    <pose>Unspecified</pose>
    <truncated>0</truncated>
    <difficult>0</difficult>
    <bndbox>
      <xmin>374</xmin>
      <ymin>150</ymin>
      <xmax>429</xmax>
      <ymax>202</ymax>
    </bndbox>
  </object>
  <object>
    <name>car</name>
    <pose>Unspecified</pose>
    <truncated>0</truncated>
    <difficult>0</difficult>
    <bndbox>
      <xmin>607</xmin>
      <ymin>147</ymin>
      <xmax>639</xmax>
      <ymax>175</ymax>
    </bndbox>
  </object>
</annotation>
