<annotation>
  <folder>data</folder>
  <filename>363</filename>
  <path>C:\Users\vision\Desktop\data\363.jpg</path>
  <source>
    <database>Unknown</database>
  </source>
  <size>
    <width>640</width>
    <height>512</height>
    <depth>1</depth>
  </size>
  <segmented>0</segmented>
  <object>
    <name>car</name>
    <pose>Unspecified</pose>
    <truncated>0</truncated>
    <difficult>0</difficult>
    <bndbox>
      <xmin>572</xmin>
      <ymin>101</ymin>
      <xmax>621</xmax>
      <ymax>132</ymax>
    </bndbox>
  </object>
  <object>
    <name>car</name>
    <pose>Unspecified</pose>
    <truncated>0</truncated>
    <difficult>0</difficult>
    <bndbox>
      <xmin>170</xmin>
      <ymin>187</ymin>
      <xmax>215</xmax>
      <ymax>221</ymax>
    </bndbox>
  </object>
  <object>
    <name>car</name>
    <pose>Unspecified</pose>
    <truncated>0</truncated>
    <difficult>0</difficult>
    <bndbox>
      <xmin>516</xmin>
      <ymin>127</ymin>
      <xmax>555</xmax>
      <ymax>151</ymax>
    </bndbox>
  </object>
  <object>
    <name>car</name>
    <pose>Unspecified</pose>
    <truncated>0</truncated>
    <difficult>0</difficult>
    <bndbox>
      <xmin>355</xmin>
      <ymin>138</ymin>
      <xmax>396</xmax>
      <ymax>165</ymax>
    </bndbox>
  </object>
  <object>
    <name>car</name>
    <pose>Unspecified</pose>
    <truncated>0</truncated>
    <difficult>0</difficult>
    <bndbox>
      <xmin>421</xmin>
      <ymin>142</ymin>
      <xmax>475</xmax>
      <ymax>167</ymax>
    </bndbox>
  </object>
</annotation>
